id;tp;a;b;c;d;e;f;g;h;i;j;k;l;m;n;o;dec
1;1;0.44;1.95;5.05;3.86;7.79;2.66;5.17;4.82;3.93;9.16;4.65;8.01;5.59;6.91;6.14;1
1;2;8.15;0.66;1.61;8.86;5.71;1.41;5.73;8.31;3.62;1.26;6.5;2.77;0.14;3.13;3.11;1
1;3;6.27;6.16;5.35;8.16;0.82;3.7;1.57;0.19;7.61;7.53;5.44;8.04;1.79;9.57;4.31;1
1;4;0.15;2.04;5.12;3.94;8.62;2.6;9.18;4.86;9.36;0.47;8.03;4.17;6.76;0.87;8.16;1
1;5;5.92;2.35;8.77;6.37;4.82;4.71;8.37;0.2;5.98;6.26;5.64;2.43;1.76;3.43;5.26;1
1;6;1.64;4.04;7.89;8.74;2.42;2.82;9.85;0.49;5.86;6.14;5.42;5.0;2.9;8.5;7.98;1
1;7;1.32;7.82;7.54;8.59;0.29;2.98;1.71;7.0;7.94;3.51;3.14;0.51;4.11;9.98;3.48;1
1;8;6.38;0.41;5.31;2.44;4.33;3.02;0.78;7.58;5.8;6.44;2.69;9.01;2.09;8.71;3.26;1
1;9;8.69;0.98;1.4;3.85;0.45;5.88;6.58;5.15;6.22;3.88;4.83;5.31;0.09;9.06;7.35;1
1;10;7.02;1.93;8.78;8.62;5.75;2.48;0.32;1.06;0.6;3.54;5.75;4.13;2.03;5.97;8.08;1
2;1;5.09;3.38;7.22;1.34;5.6;3.97;8.79;7.2;9.75;8.39;4.81;7.43;4.11;6.9;6.91;1
2;2;8.64;3.59;4.23;8.11;2.3;9.52;3.14;3.21;7.12;9.5;6.7;9.47;7.51;8.03;8.47;1
2;3;6.37;8.42;6.59;9.34;8.31;5.88;0.87;4.07;6.15;7.06;2.69;4.18;7.57;5.96;8.77;1
2;4;9.73;1.68;9.96;9.98;6.05;6.98;3.59;5.2;8.47;6.12;4.26;0.4;1.68;3.09;6.33;1
2;5;8.5;3.18;2.91;3.3;7.63;1.88;8.56;6.52;8.27;7.69;3.88;7.98;2.65;4.49;8.53;1
2;6;5.35;8.66;1.58;6.78;1.32;9.92;9.66;8.45;0.29;1.28;3.5;6.85;8.9;9.06;6.61;1
2;7;3.87;4.04;0.17;3.03;8.48;5.95;6.23;1.64;7.52;6.8;7.4;4.38;8.43;5.26;5.02;1
2;8;9.11;9.22;2.24;5.15;2.7;4.56;7.0;4.68;3.21;7.65;6.85;2.4;0.08;4.11;5.36;1
2;9;0.03;7.56;5.17;4.15;8.04;5.88;0.55;8.76;1.15;8.26;5.5;9.02;6.28;4.69;2.13;1
2;10;4.15;2.63;4.07;2.72;8.68;6.18;7.37;6.88;7.88;4.78;3.65;8.06;2.04;4.81;8.82;1
3;1;4.09;1.66;6.89;2.49;8.06;9.88;0.74;7.55;0.98;4.68;8.3;0.26;3.43;6.12;4.79;2
3;2;0.82;7.82;2.14;6.84;3.13;9.54;3.19;8.68;7.9;0.23;4.38;9.35;8.46;8.79;6.16;2
3;3;9.6;0.65;7.15;4.68;7.44;5.43;8.46;4.14;5.43;6.9;4.68;9.59;8.54;8.39;7.67;2
3;4;4.89;5.33;7.05;5.92;6.35;9.81;1.65;6.17;2.15;1.23;0.96;8.31;4.63;5.74;6.6;2
3;5;9.92;5.7;4.42;8.87;4.61;0.1;5.26;7.7;2.16;3.16;2.86;9.83;2.74;6.35;8.12;2
3;6;8.27;4.25;8.67;8.88;4.03;9.49;2.41;6.02;6.04;2.75;9.51;3.42;1.95;7.87;0.57;2
3;7;1.86;8.28;6.42;8.72;6.93;3.64;6.7;0.93;6.46;1.48;3.76;5.6;6.12;4.66;1.4;2
3;8;7.81;1.63;2.32;1.05;9.77;6.89;8.58;5.77;2.04;2.15;3.67;0.57;3.24;3.62;7.87;2
3;9;7.9;3.76;6.08;0.69;3.56;3.12;4.91;1.71;1.28;0.13;1.48;1.67;7.79;1.7;4.16;2
3;10;2.2;1.66;3.8;2.39;5.91;9.93;1.43;5.79;3.15;2.55;4.86;3.18;4.18;5.41;1.6;2
4;1;6.66;7.5;7.48;0.7;6.86;5.08;4.99;9.68;2.98;1.15;6.71;1.77;0.99;8.05;6.15;3
4;2;9.97;8.51;9.91;7.73;8.19;0.1;1.95;1.66;1.69;9.34;6.97;9.45;7.13;3.45;7.53;3
4;3;3.18;6.98;0.48;3.4;5.44;7.13;4.78;3.08;7.36;0.6;0.42;9.03;1.91;0.53;3.11;3
4;4;5.02;3.01;9.53;7.62;1.42;9.91;6.5;9.05;9.66;4.8;4.85;3.61;1.25;1.37;4.2;3
4;5;2.33;2.35;6.03;8.17;9.36;8.68;7.39;5.82;7.89;7.45;4.95;6.42;5.98;3.27;8.69;3
4;6;8.27;8.7;6.16;9.06;6.8;8.09;4.56;3.18;5.34;4.09;5.75;3.29;3.58;2.88;8.58;3
4;7;7.35;8.97;5.98;8.21;6.7;2.41;2.5;8.28;1.32;9.34;3.48;1.61;3.71;3.18;1.91;3
4;8;6.63;3.47;2.8;6.34;8.38;9.15;0.4;7.15;9.83;6.61;5.4;9.16;9.82;0.3;3.9;3
4;9;7.46;3.89;6.52;5.2;8.33;6.19;9.27;0.94;8.97;8.71;0.86;6.05;7.07;1.24;5.73;3
4;10;3.27;3.54;3.65;7.97;9.12;1.66;6.34;8.42;9.3;3.19;3.58;5.69;9.96;9.24;5.68;3
5;1;3.89;9.29;8.01;5.11;4.04;3.69;7.97;2.8;6.25;8.04;0.61;8.59;3.36;2.6;6.94;3
5;2;8.58;4.98;7.71;0.69;4.66;1.84;8.3;0.17;2.45;5.89;2.49;2.97;2.5;8.11;5.61;3
5;3;0.79;4.49;0.21;6.18;9.65;4.02;2.34;1.96;9.17;8.4;6.79;8.69;5.03;3.13;4.36;3
5;4;5.12;5.95;8.78;8.45;9.88;6.52;7.19;7.27;2.63;1.1;0.17;9.06;5.53;7.15;6.01;3
5;5;8.4;1.11;8.39;8.44;1.05;1.06;0.47;4.0;2.78;0.26;1.52;5.23;0.33;3.78;6.35;3
5;6;5.03;7.35;8.67;3.93;8.22;2.85;6.32;1.82;1.56;4.63;5.61;7.71;0.34;6.36;9.6;3
5;7;4.65;4.79;0.97;3.96;2.79;3.06;5.63;1.51;6.67;2.3;3.62;9.45;9.56;6.43;5.9;3
5;8;9.97;9.25;5.57;4.56;6.97;5.09;1.62;6.61;9.46;3.62;6.6;4.07;6.38;1.07;1.56;3
5;9;1.45;5.23;3.19;1.44;1.49;5.15;9.79;8.39;9.77;2.63;6.74;5.67;0.63;3.23;5.46;3
5;10;8.95;4.75;3.01;7.1;0.93;8.59;9.02;4.38;7.68;8.34;6.78;3.91;6.54;8.18;8.44;3
6;1;9.26;6.56;0.64;2.91;0.99;4.36;0.5;4.27;8.17;4.18;6.29;4.28;3.64;0.9;5.95;1
6;2;5.43;6.11;6.43;2.79;1.65;4.41;5.83;4.32;8.0;7.62;3.41;8.48;9.67;3.05;7.97;1
6;3;5.67;6.45;4.72;2.26;3.52;4.67;7.02;5.2;2.54;4.48;9.24;1.55;5.18;2.03;0.42;1
6;4;7.57;4.78;3.69;0.65;6.65;6.81;5.42;0.56;0.01;5.75;0.52;4.2;0.97;6.21;6.55;1
6;5;8.96;3.35;9.17;8.23;8.2;0.95;1.31;2.24;7.53;9.99;7.61;1.35;3.35;7.89;9.5;1
6;6;9.15;9.97;5.44;2.36;3.23;3.48;7.06;6.66;2.32;5.7;8.18;3.14;9.06;8.42;1.79;1
6;7;3.73;8.04;3.91;6.74;6.18;9.21;9.39;7.4;5.91;8.53;8.98;9.76;6.01;6.93;5.71;1
6;8;7.88;1.2;2.17;9.62;3.62;6.29;8.26;8.28;4.77;8.55;0.38;6.57;2.33;1.52;4.95;1
6;9;8.32;5.18;4.2;4.45;3.03;8.68;8.39;9.75;7.42;4.04;7.56;4.71;6.63;8.68;6.59;1
6;10;0.08;1.42;7.95;9.06;8.14;7.25;3.01;8.09;5.68;9.05;7.81;8.53;4.14;5.64;6.53;1
7;1;9.79;1.87;1.21;7.07;8.49;4.89;7.96;1.86;1.55;5.96;6.62;9.83;9.97;4.99;5.98;2
7;2;8.47;10.0;7.4;1.76;2.46;7.63;3.85;4.44;2.38;0.85;3.74;4.79;2.31;9.77;0.37;2
7;3;1.42;0.1;8.21;3.68;7.86;8.21;5.43;4.25;2.65;3.88;8.01;4.89;3.84;1.56;3.42;2
7;4;3.19;7.63;6.54;5.17;0.86;9.82;2.67;3.38;5.26;9.16;1.58;2.25;0.77;0.64;5.78;2
7;5;8.59;7.77;8.27;8.9;1.57;2.59;4.07;1.14;1.81;1.26;7.82;4.34;0.01;8.64;4.36;2
7;6;3.06;2.65;9.31;0.64;9.27;5.36;2.86;2.89;3.38;8.04;7.04;6.81;5.54;6.09;0.69;2
7;7;2.8;1.87;2.23;1.8;1.55;0.76;7.99;9.77;5.64;6.53;6.68;5.85;5.83;7.91;4.86;2
7;8;5.18;7.31;1.26;4.9;6.3;8.98;9.1;1.07;6.05;6.99;2.47;9.15;3.13;7.98;9.29;2
7;9;6.64;9.72;7.83;3.59;8.49;8.56;5.33;8.57;4.23;9.37;1.07;6.47;4.25;1.31;3.55;2
7;10;4.95;7.13;2.14;4.45;4.98;3.03;1.29;6.77;5.63;8.72;1.0;4.26;7.51;7.64;7.7;2
8;1;6.21;1.98;1.81;8.54;7.65;5.01;9.42;3.17;0.11;2.42;4.05;2.4;9.66;3.7;2.5;2
8;2;4.48;0.68;1.37;5.01;7.5;6.33;0.39;7.33;2.06;6.13;5.53;0.16;5.98;8.59;2.09;2
8;3;5.24;3.12;0.07;1.05;0.23;7.33;2.05;6.35;1.37;7.16;6.58;4.68;9.5;0.1;0.54;2
8;4;0.03;6.93;9.18;3.93;8.35;8.59;3.63;4.23;9.75;6.33;0.09;3.12;5.49;3.45;3.6;2
8;5;4.74;1.73;9.66;7.74;0.27;0.92;7.58;8.73;5.93;5.35;9.77;4.12;9.14;2.67;1.9;2
8;6;2.26;6.38;6.57;8.54;3.89;0.88;8.16;3.61;7.39;9.65;1.65;9.72;8.18;6.53;3.42;2
8;7;9.17;3.47;3.1;7.06;0.8;3.16;2.47;6.71;3.5;7.79;7.11;1.7;8.05;7.29;0.25;2
8;8;0.06;6.64;2.19;4.34;6.96;8.76;7.08;2.76;2.58;3.84;8.95;6.73;0.01;5.5;1.54;2
8;9;1.89;0.78;7.9;7.27;5.43;9.97;4.63;5.91;7.01;9.27;4.43;3.72;1.85;5.46;5.96;2
8;10;2.17;5.65;9.65;0.71;8.77;1.38;5.4;0.1;7.08;6.64;4.51;6.99;3.04;0.79;7.4;2
9;1;8.29;3.76;6.56;6.03;1.84;5.93;3.14;4.5;4.85;0.08;0.52;4.62;5.77;3.56;2.28;2
9;2;3.22;8.37;8.56;7.91;0.36;4.64;2.65;4.55;6.77;0.59;1.46;6.69;2.74;7.76;0.99;2
9;3;3.66;5.97;1.82;4.36;1.81;6.27;3.16;4.16;2.46;8.75;3.5;9.38;1.47;3.63;1.72;2
9;4;9.03;7.54;3.43;8.2;8.14;7.74;4.89;7.06;6.24;3.85;7.19;8.17;5.34;9.02;5.49;2
9;5;1.32;7.18;3.0;1.18;8.79;7.82;5.69;8.97;3.62;0.21;7.93;9.18;1.84;2.44;7.7;2
9;6;5.88;2.02;0.96;2.04;2.33;2.02;8.28;1.34;8.87;5.92;0.73;0.97;3.3;7.0;3.88;2
9;7;8.34;0.06;3.54;1.92;5.24;7.18;5.56;4.98;6.95;4.76;5.89;8.73;9.18;1.6;3.41;2
9;8;5.59;1.75;5.58;7.96;4.46;1.6;5.29;2.14;3.58;1.89;3.98;0.1;1.88;1.81;1.72;2
9;9;6.59;6.83;4.22;2.12;4.68;1.69;8.54;8.51;0.52;0.1;6.1;8.8;6.39;8.1;5.97;2
9;10;6.41;5.31;3.45;5.08;8.09;6.22;2.79;1.93;1.22;0.76;9.35;6.25;7.33;0.38;6.8;2
10;1;2.77;2.91;6.94;7.54;4.09;3.68;4.99;7.91;1.9;8.44;7.36;0.72;9.3;7.3;8.2;1
10;2;9.62;6.06;7.42;6.76;1.08;0.14;5.29;4.24;2.71;5.25;6.21;9.47;4.27;6.35;1.96;1
10;3;9.92;4.01;5.9;0.79;9.54;3.39;7.56;2.41;1.71;7.23;8.97;8.44;3.58;5.22;9.67;1
10;4;1.11;7.37;9.59;7.23;7.11;7.13;0.38;6.07;7.83;3.43;1.8;7.21;1.19;9.01;2.95;1
10;5;7.58;4.41;1.25;1.51;6.11;4.54;2.97;0.85;8.68;7.76;3.48;7.02;6.72;0.66;8.39;1
10;6;7.58;0.53;6.17;3.95;1.33;5.71;8.14;3.68;4.51;1.26;8.38;9.86;1.05;1.53;9.71;1
10;7;8.87;2.17;7.33;2.11;6.25;6.44;6.81;4.9;6.05;8.96;7.13;0.49;1.3;7.94;6.61;1
10;8;2.41;2.14;7.26;1.29;1.27;7.8;4.19;4.03;0.72;8.1;2.95;5.4;5.29;1.65;7.68;1
10;9;3.53;5.08;6.06;2.36;8.63;4.6;4.59;8.07;3.12;6.85;0.95;5.8;4.74;5.9;2.5;1
10;10;2.31;3.12;3.64;0.44;5.59;9.31;2.58;6.47;2.43;8.73;7.81;8.09;8.42;1.28;2.22;1
11;1;6.3;0.74;4.66;7.42;2.62;4.52;9.15;4.26;1.39;3.62;7.99;0.93;2.74;8.1;2.88;3
11;2;5.48;1.8;1.43;2.36;0.94;6.0;4.84;8.65;4.09;1.42;3.7;0.62;1.68;3.09;9.46;3
11;3;0.04;6.28;7.29;8.57;1.74;4.79;7.95;9.1;8.87;1.18;5.53;6.78;6.75;2.16;1.39;3
11;4;2.05;3.56;5.34;1.59;6.44;0.65;6.63;8.94;5.53;0.2;8.11;6.09;6.57;5.52;5.31;3
11;5;9.17;8.61;7.4;3.38;8.2;2.14;0.48;0.55;4.99;2.13;4.63;6.34;4.94;9.15;4.75;3
11;6;3.32;0.36;7.18;4.82;5.72;1.36;1.61;2.0;9.41;1.07;6.69;1.96;9.58;5.58;4.68;3
11;7;7.53;8.54;8.34;8.38;1.79;1.93;7.08;2.91;9.91;1.96;7.6;7.32;3.38;7.91;8.65;3
11;8;4.65;9.74;6.51;2.05;5.99;0.93;5.97;8.66;8.97;6.18;7.86;4.11;7.5;5.76;4.03;3
11;9;2.56;1.26;3.64;4.47;0.85;8.79;7.41;0.87;1.98;9.84;6.78;8.22;6.3;4.54;7.25;3
11;10;1.94;0.95;1.74;5.81;7.79;7.14;3.83;0.83;6.7;7.56;3.92;8.76;2.3;0.92;3.61;3
12;1;4.34;3.58;4.12;4.18;8.79;3.83;5.27;9.86;3.59;4.22;3.8;9.32;6.64;1.59;0.44;2
12;2;7.97;0.2;5.34;6.43;8.55;9.57;8.33;1.86;0.77;0.27;5.77;5.63;4.61;3.97;7.31;2
12;3;4.52;2.05;6.31;9.54;5.25;5.28;0.04;5.73;6.95;8.06;2.4;0.78;9.31;0.85;2.69;2
12;4;7.88;8.13;3.46;3.72;8.65;1.44;6.03;9.95;7.4;0.12;4.58;0.87;9.07;4.69;9.15;2
12;5;0.87;4.7;0.75;4.9;0.28;9.42;6.99;8.07;7.97;4.28;3.38;6.72;2.81;8.05;7.87;2
12;6;1.0;1.94;2.52;6.98;6.28;0.23;7.22;5.18;1.25;6.79;5.39;4.44;2.35;7.67;0.9;2
12;7;9.05;7.46;8.46;5.81;6.47;3.88;2.66;3.25;4.55;3.17;6.95;1.22;5.29;4.97;2.12;2
12;8;9.89;7.06;9.1;9.93;7.36;9.38;6.16;0.75;1.2;1.91;7.43;1.35;7.94;3.14;2.71;2
12;9;8.7;3.42;9.68;8.62;0.52;1.37;5.49;5.5;6.26;6.08;6.07;9.15;0.68;2.21;1.36;2
12;10;3.35;2.6;5.74;7.93;7.59;7.16;2.5;1.98;9.45;2.03;7.83;8.84;2.67;7.25;5.58;2
13;1;9.46;7.32;0.46;9.5;1.35;8.78;2.38;6.78;6.54;3.0;7.78;2.63;1.99;4.51;3.26;2
13;2;2.92;5.84;5.25;3.94;1.88;8.59;4.79;3.92;0.45;1.85;4.16;0.72;1.51;4.82;6.89;2
13;3;7.51;3.57;8.07;2.8;7.33;7.03;7.08;2.78;3.05;3.45;2.09;5.16;9.08;4.71;0.65;2
13;4;1.1;9.97;0.91;5.52;4.65;9.01;7.0;2.99;0.58;6.27;9.25;7.69;7.77;1.9;4.03;2
13;5;4.7;0.78;5.79;3.53;9.0;9.12;7.2;2.01;8.04;8.13;4.64;4.66;1.51;9.73;4.93;2
13;6;3.09;4.12;1.31;7.29;8.17;9.24;3.05;5.84;8.42;8.91;8.27;1.17;3.44;5.84;8.88;2
13;7;4.76;1.25;0.29;5.93;2.79;5.98;0.48;5.64;4.01;5.88;4.69;3.97;4.59;2.58;7.73;2
13;8;3.78;5.85;3.39;5.44;2.18;1.3;8.41;4.99;8.48;8.58;6.07;4.27;2.46;1.89;3.46;2
13;9;8.02;7.47;7.49;5.88;8.48;7.94;2.83;7.06;6.34;7.82;5.73;0.98;5.56;2.53;2.86;2
13;10;6.84;8.31;1.31;1.3;0.94;3.96;3.79;1.99;7.53;9.75;4.41;1.68;1.79;1.38;2.94;2
14;1;4.88;4.58;1.83;0.28;3.88;7.36;2.97;9.44;8.72;6.33;9.23;1.7;5.62;9.83;9.23;1
14;2;9.23;4.82;0.1;1.88;3.05;8.45;2.64;1.22;4.97;0.14;3.2;1.61;9.58;0.27;2.46;1
14;3;3.55;2.32;6.08;8.09;9.89;2.11;3.98;6.74;4.54;4.34;2.57;5.34;0.0;5.22;0.25;1
14;4;8.13;6.12;0.68;5.53;2.92;8.23;3.4;5.7;7.2;8.67;8.71;9.99;7.26;8.63;3.85;1
14;5;3.81;5.87;4.0;9.25;0.38;5.48;6.05;3.47;7.69;7.38;0.13;1.82;5.65;2.99;1.46;1
14;6;4.23;4.41;0.32;6.25;6.99;7.96;7.29;3.86;3.06;3.2;2.88;4.24;9.89;5.48;4.1;1
14;7;7.58;1.11;7.36;7.49;4.97;0.5;6.91;2.88;4.72;8.08;8.69;8.95;0.49;4.4;6.26;1
14;8;0.58;8.36;5.66;2.49;2.22;4.82;1.01;2.61;2.75;0.93;0.45;6.09;6.85;9.93;6.84;1
14;9;2.99;8.38;7.42;0.26;7.38;2.02;5.89;3.25;3.91;0.28;7.18;1.63;2.91;7.57;9.46;1
14;10;4.22;3.5;3.77;1.78;3.42;9.38;5.06;8.87;3.86;9.45;4.12;8.42;7.62;3.44;5.4;1
15;1;5.97;7.19;0.61;5.06;6.05;1.05;5.91;3.33;9.88;8.1;8.65;9.48;7.6;0.68;1.77;3
15;2;8.64;4.82;9.99;8.13;8.44;4.96;3.44;6.91;5.96;7.46;9.3;6.51;6.27;1.05;6.29;3
15;3;4.52;5.58;5.51;4.46;0.98;1.19;0.1;6.77;5.75;1.54;5.81;0.09;4.7;3.85;3.03;3
15;4;2.53;9.96;7.17;1.3;4.16;3.58;9.76;0.08;5.6;6.16;8.84;1.87;7.63;4.58;2.9;3
15;5;7.26;6.53;5.64;3.75;3.73;6.23;9.41;3.87;7.09;3.29;8.83;4.85;5.22;4.95;4.14;3
15;6;6.63;5.69;8.08;4.3;7.24;6.3;7.85;2.08;1.9;2.79;8.78;9.48;1.59;2.49;6.31;3
15;7;9.93;4.55;0.95;8.63;1.0;6.76;3.33;1.41;9.49;3.67;7.74;9.84;3.93;3.44;4.33;3
15;8;5.16;0.89;2.62;3.54;5.09;0.44;1.53;7.81;6.1;4.83;7.61;0.47;8.25;6.52;6.01;3
15;9;2.17;6.6;3.22;8.59;7.53;4.41;9.28;9.58;0.12;0.33;2.83;2.61;5.27;1.86;8.84;3
15;10;2.74;4.15;6.72;1.76;4.2;2.41;0.0;0.68;8.38;8.5;7.35;4.39;8.44;0.43;9.86;3
16;1;3.34;6.93;8.27;5.76;8.29;3.56;7.54;5.27;4.68;2.41;9.71;2.08;4.06;4.72;4.45;1
16;2;0.16;5.22;2.21;6.93;5.62;0.03;9.54;3.84;9.17;4.53;5.5;5.68;6.47;3.5;1.01;1
16;3;5.75;9.12;2.33;4.27;9.37;8.93;9.78;4.58;0.51;7.59;6.4;4.81;3.27;5.04;7.58;1
16;4;3.51;1.76;8.62;5.49;6.21;7.94;2.63;2.92;1.23;7.64;2.61;3.7;9.28;0.03;2.52;1
16;5;1.18;1.67;1.85;0.72;2.44;5.67;9.33;4.85;1.23;5.37;4.76;7.8;5.85;1.01;9.07;1
16;6;8.62;5.86;2.1;4.86;1.5;1.17;6.95;1.86;8.37;1.1;7.64;7.89;6.82;3.56;0.84;1
16;7;7.0;5.72;9.47;6.99;9.87;3.5;8.53;2.99;3.46;7.59;4.89;4.32;0.47;3.59;8.18;1
16;8;6.34;6.95;6.18;7.28;0.2;8.02;8.51;7.32;4.15;6.36;4.63;7.23;7.87;7.4;5.11;1
16;9;7.63;6.9;1.23;1.23;0.18;5.63;7.9;7.96;2.31;0.27;3.75;7.27;2.15;0.5;8.73;1
16;10;5.88;1.41;1.24;7.0;5.22;6.5;9.88;9.52;5.29;8.83;6.49;0.08;8.51;9.21;5.09;1
17;1;0.9;5.86;6.34;9.64;4.62;0.46;8.29;8.53;7.1;5.23;7.01;8.78;7.12;3.06;5.99;3
17;2;9.92;7.39;3.6;9.64;8.0;8.24;7.3;6.48;0.26;5.33;2.14;9.58;9.49;0.27;2.43;3
17;3;5.4;4.56;8.77;8.21;1.21;1.67;3.13;9.54;0.2;2.21;5.93;3.55;7.17;4.88;8.26;3
17;4;7.01;2.53;2.95;3.93;6.39;3.31;7.42;8.6;0.24;4.61;2.4;4.4;2.63;6.73;7.35;3
17;5;3.0;2.89;4.83;4.56;7.14;1.92;8.59;8.44;8.93;0.78;9.15;7.3;3.7;2.9;4.15;3
17;6;5.86;8.2;7.22;3.66;2.74;1.04;3.18;3.01;0.37;0.74;8.16;0.86;7.99;4.03;7.98;3
17;7;5.11;2.8;8.48;9.11;7.36;0.05;5.0;3.44;3.61;6.89;5.69;9.28;4.69;5.11;2.07;3
17;8;1.2;2.13;3.72;9.66;5.7;0.14;4.83;7.46;8.49;1.73;7.37;4.34;3.69;6.03;9.15;3
17;9;0.95;2.74;1.26;4.86;8.49;8.14;0.95;7.63;2.94;3.39;4.03;2.09;3.64;2.7;9.75;3
17;10;1.27;3.53;4.2;1.55;8.65;4.21;2.75;4.47;3.83;1.07;3.19;3.06;7.57;6.91;5.03;3
18;1;0.1;8.59;2.32;7.47;1.6;4.54;3.66;2.53;8.0;8.76;2.2;3.16;8.22;5.48;9.82;2
18;2;4.74;8.56;0.69;8.02;8.01;7.43;8.38;0.99;8.45;1.98;7.8;6.4;4.96;0.49;4.76;2
18;3;7.31;6.98;9.53;2.95;8.22;1.44;4.75;2.47;4.44;3.68;5.2;5.84;5.71;5.97;2.39;2
18;4;6.9;1.25;4.25;7.3;2.78;5.16;1.63;8.57;7.55;8.96;9.47;9.78;8.93;1.97;2.34;2
18;5;7.41;6.02;0.92;2.4;4.26;6.13;4.76;5.01;8.02;8.0;9.34;6.21;6.09;2.66;3.06;2
18;6;7.68;3.04;3.21;7.74;8.14;7.91;6.7;8.56;8.49;2.59;0.28;0.73;7.95;1.1;5.31;2
18;7;5.08;4.87;8.02;8.29;3.0;1.32;5.31;8.74;1.85;1.45;7.01;0.87;1.08;2.68;4.74;2
18;8;5.83;6.26;9.49;7.34;7.13;4.5;5.93;2.43;2.03;3.27;2.82;3.66;8.6;9.07;0.16;2
18;9;6.75;4.25;5.58;0.81;8.83;4.01;5.73;2.22;0.67;7.58;0.68;7.68;6.76;8.54;2.36;2
18;10;8.21;2.01;5.03;3.89;5.56;6.27;5.03;8.01;7.77;9.7;8.07;0.26;9.03;6.22;3.25;2
19;1;9.62;1.65;1.72;0.64;4.6;1.37;2.36;5.61;0.66;8.28;9.16;0.72;9.8;9.45;5.16;1
19;2;2.41;7.2;1.88;5.6;2.54;7.15;7.73;5.72;0.82;9.4;4.21;5.46;3.87;0.84;5.49;1
19;3;1.73;4.29;0.73;2.55;9.45;5.65;8.39;6.92;6.15;2.68;5.88;3.29;2.11;9.61;9.18;1
19;4;8.09;1.35;8.43;4.29;9.84;5.28;2.69;5.04;8.91;5.09;0.63;7.03;9.58;4.24;7.92;1
19;5;3.66;3.35;9.19;1.81;6.4;0.75;6.05;7.75;0.49;8.83;3.81;0.87;7.23;7.49;3.36;1
19;6;4.41;1.25;9.26;6.76;0.19;7.54;2.32;0.86;0.54;8.02;8.3;2.61;8.87;3.34;6.44;1
19;7;2.67;0.63;2.88;6.75;1.17;0.17;6.61;6.36;9.72;2.23;7.58;5.47;8.68;3.42;0.78;1
19;8;4.75;5.07;0.84;0.43;3.84;9.37;4.85;2.22;0.58;2.32;9.68;8.38;8.05;4.58;5.95;1
19;9;9.08;1.52;5.33;2.25;6.5;6.55;9.73;7.34;0.37;2.67;3.86;3.42;1.2;2.48;8.42;1
19;10;1.69;4.46;9.65;8.38;1.98;1.99;1.46;3.41;0.41;2.31;6.3;6.12;7.68;1.32;7.74;1
20;1;7.79;8.42;6.24;0.06;2.21;3.14;8.93;6.99;0.07;0.78;9.89;8.52;0.32;3.69;3.15;1
20;2;8.01;1.32;6.9;4.37;4.0;4.32;8.99;1.26;1.53;3.09;1.0;6.59;0.85;4.62;1.1;1
20;3;0.68;0.59;8.56;9.71;4.86;7.71;9.5;2.32;5.35;1.75;4.93;7.07;4.07;4.67;1.68;1
20;4;1.96;4.49;9.3;0.95;9.46;0.14;1.68;0.05;4.92;7.72;0.4;5.44;3.85;3.52;6.45;1
20;5;3.97;8.35;7.63;5.09;5.85;8.5;3.53;8.85;5.19;5.92;0.91;4.2;1.18;4.6;5.62;1
20;6;6.97;9.84;1.01;6.2;6.23;3.31;9.82;0.51;6.9;3.24;8.67;8.12;8.49;7.78;7.38;1
20;7;3.76;9.0;3.7;3.18;9.18;6.32;7.54;9.67;6.14;4.32;3.87;3.56;9.57;1.2;2.15;1
20;8;4.69;5.84;3.56;2.49;7.45;8.12;2.3;3.3;3.24;5.22;0.88;1.87;0.6;0.1;4.16;1
20;9;2.89;5.49;8.53;7.48;5.71;6.39;1.97;5.82;3.23;6.35;0.05;6.18;7.32;4.56;3.48;1
20;10;7.21;7.87;3.64;9.19;7.26;6.56;3.92;3.22;5.46;0.53;5.48;7.74;4.67;5.11;8.05;1
21;1;2.48;9.49;2.68;0.63;1.36;5.81;6.24;2.82;2.09;4.21;4.1;3.76;4.89;4.59;9.6;1
21;2;7.87;6.58;7.58;8.74;9.41;3.1;1.55;8.71;4.91;6.83;9.33;2.08;3.79;7.38;9.64;1
21;3;0.31;0.39;4.52;8.97;0.62;5.05;0.65;8.16;9.19;8.73;1.7;2.99;2.37;2.46;5.04;1
21;4;2.8;0.38;9.35;7.06;5.0;1.08;6.76;3.97;5.08;8.36;7.96;6.17;4.59;8.5;5.52;1
21;5;6.97;9.14;4.39;4.06;5.35;0.78;6.23;6.33;5.22;9.61;2.02;3.45;8.62;7.13;4.59;1
21;6;1.62;0.98;1.32;9.33;7.95;5.88;1.28;8.49;8.91;8.91;8.18;6.42;8.14;1.12;7.88;1
21;7;5.86;9.74;2.55;9.24;6.96;4.69;2.25;5.62;8.24;6.59;8.89;7.25;1.82;9.58;2.9;1
21;8;0.47;1.73;0.12;4.77;4.25;0.02;9.46;3.58;1.44;4.15;5.83;6.72;5.93;6.94;5.92;1
21;9;7.25;7.95;5.23;7.66;6.37;1.92;7.03;4.94;9.67;7.7;7.65;8.56;2.03;1.55;0.75;1
21;10;2.26;7.48;2.47;6.74;1.1;7.21;3.03;3.39;0.53;1.47;0.02;2.56;9.88;6.44;3.25;1
22;1;5.45;7.49;2.18;9.61;2.56;8.98;8.49;6.65;0.57;9.3;3.83;9.48;4.6;2.82;3.29;1
22;2;4.34;8.2;0.6;0.95;3.44;0.22;6.07;8.31;4.0;3.97;1.59;3.54;6.69;3.82;9.72;1
22;3;6.98;8.86;1.32;9.69;6.97;8.42;4.29;4.09;2.75;1.45;3.78;3.72;1.42;0.79;8.55;1
22;4;0.16;4.16;9.8;6.12;3.63;7.01;0.72;1.25;9.42;7.79;3.02;3.68;1.3;2.3;1.15;1
22;5;5.63;8.91;5.39;0.01;1.54;3.09;0.72;8.15;9.26;6.43;8.59;4.53;6.87;5.4;0.52;1
22;6;5.37;3.77;6.18;0.55;6.41;2.81;3.56;2.44;1.35;4.77;7.91;2.05;7.52;0.89;5.01;1
22;7;5.61;7.08;5.66;7.18;8.71;6.1;3.3;3.63;7.49;8.49;7.54;8.96;5.7;3.81;2.86;1
22;8;6.57;3.12;8.46;3.83;1.26;7.11;3.72;3.97;0.81;9.95;8.16;6.42;3.07;3.94;2.95;1
22;9;8.2;3.25;4.02;4.81;6.24;8.17;6.61;6.21;8.3;8.92;7.81;3.45;6.93;9.52;3.65;1
22;10;6.26;0.03;8.8;9.32;7.0;5.66;7.44;8.78;4.49;6.8;7.0;1.8;7.61;0.32;2.97;1
23;1;4.27;8.38;1.33;0.82;8.03;8.08;1.96;1.81;1.37;4.2;0.16;8.94;0.04;0.74;4.45;1
23;2;2.68;5.99;5.27;0.32;4.23;5.05;8.98;9.68;9.6;9.42;4.2;3.91;6.76;0.82;4.31;1
23;3;5.85;9.94;8.63;1.73;4.26;4.29;7.58;7.09;7.95;0.36;2.32;1.71;2.75;1.91;5.31;1
23;4;4.67;8.49;5.53;1.89;8.65;2.58;7.6;9.38;6.81;7.16;9.53;8.41;1.46;7.39;5.27;1
23;5;6.32;2.89;4.98;0.32;1.8;5.64;8.54;7.86;3.01;0.15;2.75;8.08;4.64;6.86;3.3;1
23;6;2.42;2.59;3.01;4.56;4.89;6.68;9.48;8.45;1.05;8.5;7.01;0.42;1.69;9.43;0.6;1
23;7;8.76;7.04;1.34;3.38;5.74;3.31;7.24;9.69;3.56;7.25;5.49;1.62;3.15;9.3;7.74;1
23;8;6.65;3.3;4.53;2.38;4.93;3.2;3.82;7.8;3.45;9.49;1.42;3.47;0.04;3.07;8.27;1
23;9;5.32;2.11;3.94;5.12;3.91;0.13;8.74;8.58;5.82;5.84;1.56;5.47;7.55;1.07;5.49;1
23;10;7.23;1.91;3.68;4.55;1.92;3.15;9.79;5.06;0.5;1.27;9.0;8.2;9.73;4.5;4.07;1
24;1;3.49;3.31;5.87;4.46;0.11;0.06;4.74;9.95;6.17;7.01;7.93;8.54;4.09;8.44;3.64;2
24;2;0.99;9.87;1.04;4.51;5.28;6.14;7.87;9.37;8.19;0.88;6.85;9.12;6.02;4.32;7.11;2
24;3;9.33;0.42;2.08;1.32;3.78;5.47;3.49;2.15;2.67;2.41;4.49;1.41;1.32;0.02;1.95;2
24;4;8.39;4.77;5.73;0.27;0.44;6.12;9.79;7.05;9.28;2.97;3.98;3.26;3.33;9.85;5.88;2
24;5;3.7;4.64;6.89;5.96;0.66;0.78;7.87;4.65;8.35;0.78;2.9;5.37;3.35;8.67;8.7;2
24;6;0.32;3.08;9.15;3.07;5.89;4.61;7.24;0.61;8.34;5.34;3.52;8.93;2.19;0.8;1.68;2
24;7;5.75;8.67;0.6;6.01;5.37;2.53;0.48;6.07;0.98;5.42;3.6;8.25;0.28;1.28;9.08;2
24;8;0.85;9.45;8.51;8.99;9.44;6.34;4.94;5.51;1.51;2.0;5.99;9.61;4.91;9.21;4.9;2
24;9;5.81;0.71;5.93;7.16;6.95;2.89;7.51;0.85;3.38;9.8;3.25;7.54;8.19;9.22;4.0;2
24;10;3.31;2.6;8.0;9.52;5.82;7.2;6.93;5.17;6.24;6.08;7.32;6.36;4.73;9.63;5.42;2
25;1;8.26;4.45;2.14;2.88;9.25;4.83;9.2;7.49;5.08;8.98;8.82;0.88;8.15;7.36;8.12;3
25;2;8.4;9.63;6.02;2.51;9.45;6.59;3.78;3.94;0.56;1.48;1.38;8.21;6.79;4.56;2.54;3
25;3;2.81;6.61;2.43;6.22;6.34;8.37;4.02;4.23;2.39;1.51;2.9;3.28;7.13;1.67;9.87;3
25;4;9.41;8.53;7.9;2.55;6.03;0.23;6.79;1.34;6.71;1.64;3.06;9.52;5.51;2.44;3.15;3
25;5;6.22;2.02;4.48;1.41;6.95;6.39;1.11;6.94;1.58;7.64;7.23;4.31;2.82;2.79;2.35;3
25;6;7.01;3.06;3.57;6.66;2.01;9.79;2.78;5.67;2.12;3.72;7.64;9.67;6.78;5.14;3.04;3
25;7;2.16;1.53;6.0;2.62;3.47;9.73;4.35;5.08;6.91;3.18;9.07;0.42;3.86;3.74;4.58;3
25;8;9.24;6.19;7.01;1.41;9.69;9.13;0.6;0.28;2.22;3.62;8.27;7.68;6.83;5.12;0.93;3
25;9;2.84;2.08;6.03;7.0;8.35;2.38;2.29;8.75;2.2;4.53;2.3;1.28;0.27;6.87;7.5;3
25;10;2.44;3.84;7.25;5.06;4.35;2.1;5.9;3.47;3.1;3.65;2.73;6.17;7.18;4.3;6.33;3
26;1;2.71;6.18;0.66;4.19;7.78;9.3;1.16;8.87;8.8;9.87;0.78;6.97;6.38;5.28;6.38;2
26;2;3.26;8.97;0.51;3.95;0.28;8.57;0.19;6.19;1.03;3.38;9.6;8.1;6.86;1.77;7.45;2
26;3;2.18;6.31;0.68;6.03;9.0;2.99;3.79;8.59;1.11;9.66;1.01;3.52;1.11;0.78;8.67;2
26;4;9.38;2.38;6.59;8.16;1.51;6.53;2.34;1.98;2.75;5.65;4.06;6.16;0.35;6.96;9.63;2
26;5;1.31;0.35;3.4;5.95;2.61;3.49;4.27;0.58;5.96;3.57;2.33;2.08;5.42;0.98;2.54;2
26;6;3.43;4.27;4.6;2.49;2.71;5.3;3.03;6.7;7.18;6.25;7.9;3.43;2.44;3.87;1.11;2
26;7;1.93;3.66;6.42;4.54;3.26;4.56;0.99;9.62;1.92;9.55;1.2;7.32;2.29;1.2;9.7;2
26;8;3.51;7.47;3.41;0.92;2.76;5.19;0.84;7.26;0.08;2.11;1.44;10.0;2.52;1.95;9.98;2
26;9;7.0;4.04;0.43;0.86;9.62;3.3;0.21;5.57;5.06;6.7;3.23;1.33;4.97;6.85;9.3;2
26;10;0.38;7.1;4.7;0.98;9.25;4.46;6.49;7.35;7.2;2.39;1.42;6.11;9.38;3.29;9.85;2
27;1;2.63;5.49;5.55;8.95;2.09;7.4;5.7;7.44;3.36;7.12;8.62;4.23;1.19;9.75;6.06;1
27;2;6.33;2.0;3.89;3.17;2.21;9.82;7.7;7.03;7.24;8.64;7.05;9.94;4.42;7.15;6.57;1
27;3;4.62;0.42;0.12;4.14;6.56;3.84;0.39;5.53;6.28;5.31;9.96;5.16;1.09;5.47;7.44;1
27;4;2.33;2.27;3.51;2.89;1.89;3.93;0.07;4.74;5.92;8.09;2.31;5.56;9.27;8.66;6.82;1
27;5;9.97;9.97;6.95;3.05;5.88;9.1;5.74;4.81;2.98;6.65;4.8;8.89;1.53;4.48;2.08;1
27;6;0.46;3.55;5.22;7.78;7.11;0.51;5.28;2.49;8.76;2.32;9.74;9.17;0.27;3.25;2.9;1
27;7;3.77;5.69;2.16;0.28;1.14;0.7;7.87;3.03;8.06;0.75;6.78;4.67;5.98;0.04;2.56;1
27;8;8.3;2.81;1.65;6.69;2.07;2.92;7.7;5.47;2.97;5.89;8.4;1.42;1.47;0.17;7.04;1
27;9;0.53;1.15;0.97;8.13;6.85;8.38;6.19;6.12;7.82;6.0;7.92;8.91;5.62;6.22;9.07;1
27;10;6.46;6.1;5.43;8.74;0.35;1.58;4.3;7.44;3.85;9.26;3.44;7.79;3.94;0.59;5.62;1
28;1;4.37;1.68;9.52;6.73;5.86;7.27;9.26;1.43;0.97;6.45;1.51;5.44;3.71;2.68;4.18;2
28;2;1.54;8.93;7.41;2.65;6.43;8.49;5.09;5.65;5.8;4.28;7.41;3.85;5.92;4.8;2.09;2
28;3;4.92;2.63;0.95;1.48;2.65;3.14;4.93;4.71;6.11;6.38;4.79;7.63;1.13;5.44;4.85;2
28;4;9.16;6.94;3.5;5.87;2.02;6.86;2.36;8.0;7.68;5.12;5.23;8.87;4.3;5.32;4.45;2
28;5;0.02;1.42;7.37;9.41;9.71;0.15;7.54;0.89;0.79;8.02;5.21;7.4;5.2;4.9;3.8;2
28;6;4.59;5.21;6.85;1.06;0.31;5.52;1.42;3.82;3.63;6.03;1.71;8.3;8.73;3.62;2.17;2
28;7;6.6;0.87;4.18;7.98;7.01;3.69;7.04;6.03;6.8;9.02;0.82;5.42;0.31;8.26;8.85;2
28;8;3.21;4.0;1.32;5.63;6.7;2.57;3.36;3.8;8.86;5.41;9.77;5.69;9.19;7.82;1.34;2
28;9;4.04;3.68;4.21;4.18;4.32;4.16;9.32;3.47;7.39;3.32;3.37;5.23;0.7;9.11;5.08;2
28;10;1.69;7.71;5.83;6.03;3.43;5.58;5.87;3.95;3.61;5.22;8.78;5.37;2.91;4.39;3.04;2
29;1;7.61;2.57;1.56;0.82;0.97;1.31;5.41;3.96;8.2;1.4;8.11;4.28;1.78;7.92;3.9;1
29;2;8.23;9.42;0.53;5.27;0.55;0.31;7.53;4.88;4.83;5.42;1.37;2.9;2.01;0.17;1.36;1
29;3;6.82;9.25;2.71;5.69;3.18;5.47;5.55;4.42;6.17;3.18;0.5;0.06;4.17;9.72;2.65;1
29;4;0.28;7.54;5.94;0.63;9.66;1.04;9.25;2.84;9.01;6.15;0.05;6.83;4.61;6.77;8.38;1
29;5;3.99;5.03;3.53;9.79;2.51;7.22;5.1;4.03;6.2;4.47;6.99;8.7;7.04;3.39;5.48;1
29;6;8.94;9.26;1.0;0.46;7.47;7.95;0.57;8.34;0.82;8.3;2.02;2.34;3.15;8.24;6.36;1
29;7;6.43;7.25;6.53;7.82;4.83;5.18;0.03;8.28;2.49;2.29;4.55;0.93;3.12;7.48;2.29;1
29;8;8.55;0.93;4.32;2.22;4.92;5.82;4.03;9.39;2.38;5.05;9.55;8.16;9.83;9.78;4.71;1
29;9;2.33;5.22;3.82;2.29;3.62;4.59;9.08;2.17;3.12;6.06;7.17;7.36;6.36;0.15;4.08;1
29;10;0.6;6.92;1.98;9.04;2.65;6.35;8.71;8.13;7.51;2.42;8.71;9.46;5.12;9.41;8.87;1
30;1;3.06;9.21;6.38;4.63;6.69;8.22;2.97;8.47;2.98;1.0;1.78;3.31;3.79;4.61;2.03;3
30;2;2.33;3.9;8.85;8.98;0.69;5.97;7.0;8.08;9.74;3.38;4.27;6.32;5.43;8.73;4.36;3
30;3;2.04;3.97;1.9;1.89;3.53;2.95;8.72;6.76;4.86;0.73;7.33;7.03;3.45;2.93;3.97;3
30;4;0.02;4.05;8.1;6.81;6.75;6.19;3.71;3.6;7.64;6.82;9.98;4.11;7.37;4.86;5.91;3
30;5;7.56;6.54;9.46;1.47;0.28;5.58;8.02;8.05;3.48;5.71;1.8;3.49;5.67;1.21;3.04;3
30;6;0.71;6.19;8.39;4.16;4.59;2.09;8.13;7.58;7.47;0.27;1.78;8.37;7.69;0.65;8.92;3
30;7;1.49;0.75;3.14;5.41;7.23;0.69;5.7;6.21;7.66;4.14;3.18;0.22;6.65;5.25;5.6;3
30;8;8.41;2.09;4.95;3.58;6.47;0.47;4.12;2.84;8.62;8.99;6.24;9.73;6.33;0.08;9.49;3
30;9;4.08;6.57;8.85;0.98;8.26;3.79;9.14;3.24;3.55;4.56;3.8;1.41;9.31;1.32;0.27;3
30;10;8.68;4.1;3.43;0.61;5.35;3.4;3.96;6.5;5.95;7.73;8.8;6.52;6.74;7.62;5.43;3
31;1;6.97;6.27;1.91;8.25;8.53;0.4;4.83;1.68;7.28;1.6;1.3;2.85;7.8;5.31;9.64;3
31;2;3.19;5.95;9.57;3.3;8.8;6.3;3.44;9.79;1.79;8.41;5.08;9.89;2.46;1.98;0.09;3
31;3;0.6;0.16;9.27;7.5;0.55;0.36;7.77;8.44;8.18;5.95;4.23;8.94;2.8;0.03;6.72;3
31;4;5.51;3.07;6.25;5.22;1.55;9.86;4.19;8.01;2.62;3.33;5.55;6.08;3.5;2.3;9.45;3
31;5;4.26;5.25;0.06;4.96;4.63;9.03;9.49;0.24;0.14;1.23;7.49;4.57;5.85;6.76;2.04;3
31;6;0.62;3.01;0.84;8.43;4.51;8.58;0.52;7.06;1.82;1.38;1.52;2.46;1.58;5.05;0.69;3
31;7;5.12;1.56;9.74;6.49;3.69;3.19;3.1;7.2;4.98;3.12;8.45;4.11;4.02;4.24;3.78;3
31;8;1.54;6.37;4.22;8.29;9.39;3.41;8.97;3.63;7.52;3.68;5.09;9.38;5.93;2.1;1.49;3
31;9;2.11;6.47;6.51;5.9;6.12;8.94;1.73;2.54;0.01;7.33;1.57;9.9;2.3;5.03;8.02;3
31;10;4.07;5.55;4.74;9.32;0.33;8.5;2.25;1.49;8.83;7.0;6.58;8.73;2.53;1.31;5.74;3
32;1;4.19;4.76;5.58;1.26;9.74;2.62;1.42;9.29;0.24;0.52;5.03;3.05;3.23;7.67;8.64;3
32;2;6.28;5.66;7.08;0.55;4.31;8.35;0.8;8.06;5.83;8.11;2.08;4.15;9.65;2.19;8.42;3
32;3;0.2;0.66;3.05;0.23;6.62;2.17;7.52;3.05;0.98;7.49;1.5;2.23;3.05;8.22;4.58;3
32;4;5.56;0.44;9.12;2.16;6.6;0.14;6.05;0.88;1.69;2.92;1.84;4.31;4.75;8.24;1.8;3
32;5;2.64;8.25;7.78;1.09;8.07;2.01;6.42;4.62;6.14;1.7;9.27;3.37;0.23;4.75;0.17;3
32;6;3.58;7.22;0.73;2.04;1.96;4.05;9.15;5.26;2.22;8.43;6.82;6.28;6.64;7.24;7.85;3
32;7;6.53;4.65;9.84;6.75;8.74;5.46;5.38;4.2;4.25;3.42;9.11;8.28;8.89;3.31;4.75;3
32;8;8.16;0.02;7.6;4.25;0.57;8.99;1.32;7.96;7.06;3.02;4.12;2.86;2.17;1.12;6.57;3
32;9;8.68;6.96;3.99;2.1;9.2;3.65;0.29;4.79;7.07;9.7;3.21;6.78;0.96;2.18;8.51;3
32;10;4.79;7.15;6.4;9.73;5.93;4.73;8.53;7.11;1.07;9.97;8.29;6.12;7.31;9.11;3.23;3
33;1;0.31;5.13;5.68;6.59;3.93;4.61;5.89;1.06;2.54;9.64;0.89;7.19;9.08;8.33;6.29;2
33;2;5.98;5.93;9.06;0.96;4.06;8.21;1.82;4.95;9.17;2.42;5.11;6.33;3.52;3.54;9.71;2
33;3;9.8;7.48;7.8;7.51;6.35;1.36;4.87;0.71;2.46;0.66;6.57;2.63;5.71;0.41;6.27;2
33;4;0.3;7.84;2.96;0.05;2.17;7.65;6.42;0.91;8.97;0.61;9.24;0.12;4.04;0.37;1.38;2
33;5;9.32;5.5;9.38;0.1;0.25;6.88;0.7;1.01;1.18;9.34;4.05;5.65;8.43;2.34;9.02;2
33;6;5.84;5.08;8.76;0.52;1.92;4.64;2.82;6.43;5.62;2.66;4.95;8.94;2.65;1.65;9.1;2
33;7;9.08;5.75;6.85;6.73;0.18;6.35;10.0;9.02;7.94;7.85;1.59;5.26;8.43;8.5;3.55;2
33;8;0.56;5.51;1.58;0.83;9.86;2.52;1.24;8.92;9.08;9.83;6.02;3.12;4.19;1.72;7.38;2
33;9;9.52;5.17;1.21;6.93;3.07;6.77;6.3;0.3;6.35;6.23;3.04;0.02;5.82;6.98;4.39;2
33;10;3.28;7.36;5.67;1.11;3.62;3.65;4.44;1.76;1.99;5.41;3.62;8.39;0.59;2.95;4.33;2
34;1;4.55;6.51;4.07;5.08;2.99;0.86;3.84;4.73;7.27;6.06;1.18;2.1;9.95;4.59;6.63;1
34;2;3.94;8.74;1.08;2.73;6.74;7.34;1.06;7.49;0.84;1.62;0.11;0.43;5.95;3.66;3.01;1
34;3;5.18;1.95;1.79;9.41;9.65;9.99;0.01;8.27;7.41;1.0;7.18;5.89;4.14;0.57;9.92;1
34;4;8.98;1.41;8.52;4.49;8.85;0.41;6.34;0.36;9.35;4.29;2.66;8.49;2.94;4.88;2.31;1
34;5;5.08;6.43;3.85;1.14;3.0;5.68;9.36;6.4;6.16;1.65;7.41;3.83;5.05;2.12;9.01;1
34;6;0.88;3.8;0.74;4.32;3.23;7.44;9.52;3.22;5.65;4.88;8.15;7.25;9.25;7.68;4.61;1
34;7;7.74;4.32;4.4;8.99;1.12;8.11;0.63;7.25;2.97;8.1;4.13;8.71;0.92;3.63;9.15;1
34;8;8.31;0.51;4.35;9.93;9.61;3.47;0.04;8.55;0.97;6.24;6.02;4.24;5.55;3.09;2.51;1
34;9;9.26;9.43;3.82;8.04;9.01;9.44;6.05;6.5;1.18;0.61;2.78;5.05;5.53;5.75;5.93;1
34;10;3.03;5.12;6.31;3.03;7.45;0.66;0.48;6.47;3.62;3.71;0.97;3.57;4.22;5.03;5.8;1
35;1;4.09;3.16;0.37;9.24;1.46;6.47;1.57;0.75;6.29;7.97;7.68;9.16;0.36;7.54;0.39;2
35;2;6.71;8.8;7.92;9.52;1.47;5.09;4.26;3.43;0.18;7.12;3.12;7.04;0.95;8.58;8.84;2
35;3;3.99;3.48;0.4;7.67;1.13;1.68;2.96;4.98;5.28;8.03;3.95;0.67;3.25;1.58;5.92;2
35;4;8.71;7.61;5.52;0.13;6.26;8.28;3.18;3.7;4.02;9.03;9.0;4.69;8.7;8.44;0.8;2
35;5;7.73;6.58;8.64;5.9;6.46;9.55;5.59;3.32;0.91;2.96;2.99;3.55;1.76;4.21;5.61;2
35;6;1.23;6.42;1.77;1.67;1.46;0.79;0.95;4.36;9.12;6.9;8.74;9.44;8.53;2.66;9.53;2
35;7;0.18;8.8;9.88;6.86;4.22;4.05;7.42;5.77;1.6;0.03;9.53;0.45;5.05;0.93;5.24;2
35;8;0.59;9.77;3.86;4.35;7.04;6.88;2.39;4.17;9.52;8.34;4.32;6.12;0.34;6.5;8.93;2
35;9;2.52;6.83;7.45;2.84;1.6;0.19;6.23;7.06;5.36;7.31;0.03;1.93;0.56;1.46;4.68;2
35;10;1.93;1.32;8.01;7.21;8.53;4.08;9.09;1.4;7.81;8.04;1.32;6.65;3.35;3.87;0.96;2
36;1;4.77;6.61;9.49;9.8;4.47;3.1;4.04;4.04;3.42;4.4;2.85;7.67;0.89;8.5;9.29;1
36;2;8.96;8.83;4.78;7.53;6.2;6.38;2.32;1.79;7.32;8.04;1.12;2.33;3.34;9.03;1.81;1
36;3;6.58;6.43;4.85;0.23;0.97;2.51;5.02;7.56;9.29;9.42;3.82;6.58;1.85;8.47;0.74;1
36;4;1.51;8.07;8.15;9.25;2.99;9.88;4.31;6.14;8.0;9.7;8.38;4.02;7.57;3.54;8.97;1
36;5;8.36;9.92;8.75;2.88;2.76;5.63;6.95;1.84;1.92;1.42;8.44;3.0;9.63;1.67;8.43;1
36;6;1.12;1.62;9.14;1.7;9.48;6.03;4.95;2.26;7.88;3.94;7.41;5.26;0.78;9.57;3.05;1
36;7;4.27;5.83;0.65;8.54;0.11;3.32;5.52;2.98;2.88;7.05;2.71;9.48;8.51;4.69;2.57;1
36;8;0.48;8.45;7.89;1.84;5.86;4.25;8.19;4.88;0.14;8.03;7.16;1.47;9.3;5.22;7.94;1
36;9;5.46;5.62;6.56;2.87;6.12;2.61;3.89;5.61;7.73;0.98;4.06;4.11;8.59;7.66;7.09;1
36;10;6.98;7.67;8.13;9.12;2.14;4.74;3.54;4.68;1.74;7.57;0.72;4.16;5.22;5.49;9.75;1
37;1;4.12;3.47;7.76;3.34;8.6;9.19;7.89;4.72;2.6;2.34;2.03;0.44;7.28;7.39;5.01;2
37;2;7.9;2.0;3.39;8.53;2.32;0.79;4.26;2.48;6.11;2.89;9.3;0.49;3.44;7.24;2.86;2
37;3;3.03;8.21;3.14;9.68;7.14;5.44;3.51;4.08;8.92;4.68;3.75;2.25;0.83;0.42;1.42;2
37;4;3.25;0.51;7.35;9.49;4.85;2.29;9.27;9.53;1.77;4.86;9.66;4.23;0.77;5.86;1.22;2
37;5;4.7;9.04;2.06;9.67;8.39;1.11;8.65;4.58;4.95;7.33;7.24;9.56;0.06;4.52;8.13;2
37;6;6.91;1.02;6.79;6.4;2.02;7.07;7.45;5.45;2.05;4.29;3.88;3.37;4.32;8.23;3.96;2
37;7;7.96;2.68;6.47;8.18;3.73;7.77;7.02;7.44;7.72;7.87;1.2;9.68;8.91;4.88;2.5;2
37;8;7.0;6.84;7.31;6.09;1.8;0.02;9.61;3.01;5.28;6.73;4.01;1.83;1.56;6.12;0.98;2
37;9;5.98;8.28;1.57;0.95;6.98;10.0;6.38;3.99;9.65;0.38;4.46;5.36;5.7;9.71;7.45;2
37;10;8.04;7.71;8.92;1.89;0.9;0.22;9.96;9.33;4.5;9.03;8.08;3.1;4.43;4.46;1.58;2
38;1;2.23;0.88;2.19;5.04;6.13;1.81;2.91;3.33;7.61;1.74;4.76;3.37;3.51;2.81;7.04;2
38;2;8.78;5.36;6.76;6.35;5.59;5.89;7.06;2.28;7.16;9.94;3.99;5.18;0.11;4.66;4.8;2
38;3;9.71;3.35;5.09;9.02;1.1;8.4;3.04;1.36;6.68;3.45;4.8;3.33;4.7;8.43;9.64;2
38;4;5.5;4.28;4.06;8.91;0.33;3.19;1.37;7.27;5.58;0.54;0.9;9.48;9.25;8.22;8.76;2
38;5;0.06;7.04;0.86;0.82;5.65;0.92;7.86;5.67;3.27;1.76;9.14;0.7;6.32;7.83;2.11;2
38;6;2.15;3.84;0.7;6.45;7.36;3.65;9.14;7.17;5.2;1.04;7.74;1.25;8.84;2.09;8.21;2
38;7;5.77;0.99;6.11;3.75;5.22;4.72;1.53;4.43;7.48;0.39;8.18;9.53;4.63;2.37;5.81;2
38;8;3.41;4.84;1.68;5.17;5.0;6.65;2.56;9.77;1.82;3.39;2.26;2.92;2.75;1.25;4.84;2
38;9;6.27;5.56;7.54;8.2;6.03;1.26;0.67;7.76;1.22;3.15;3.58;2.26;7.01;3.09;5.75;2
38;10;9.66;8.84;9.42;0.31;3.74;7.47;5.4;3.4;6.13;1.68;2.75;9.0;8.6;5.72;9.7;2
39;1;0.99;4.91;3.65;7.12;4.27;0.81;5.18;5.5;9.83;8.57;8.32;7.75;6.18;0.2;3.55;3
39;2;7.12;0.48;0.47;2.66;4.68;1.56;6.26;9.84;0.91;3.72;7.5;5.16;0.23;1.53;2.98;3
39;3;2.27;3.32;8.95;2.45;0.99;7.78;6.36;9.04;9.49;4.98;2.78;0.43;5.9;3.28;5.81;3
39;4;5.45;4.61;9.77;1.72;6.85;3.53;0.04;5.69;8.44;2.91;1.59;3.41;9.77;1.95;1.96;3
39;5;0.25;0.9;6.04;1.48;3.82;7.74;5.83;1.63;5.22;9.98;2.89;1.79;5.53;6.9;5.29;3
39;6;8.3;9.41;2.75;5.17;2.1;2.56;1.63;3.16;0.29;2.45;5.32;2.15;1.22;9.79;2.9;3
39;7;4.1;3.69;4.39;1.68;1.34;6.83;1.11;3.3;9.3;7.61;5.11;6.35;2.38;0.28;4.9;3
39;8;1.96;6.08;9.74;0.4;3.03;6.41;6.72;2.75;0.8;5.31;8.38;5.53;2.8;6.44;3.95;3
39;9;4.82;6.51;2.26;0.83;8.3;5.46;2.43;8.74;7.34;8.51;9.97;0.37;9.67;7.73;5.86;3
39;10;3.48;8.45;6.95;4.09;1.51;6.31;0.2;9.84;6.18;4.13;7.78;9.49;3.48;1.73;2.86;3
40;1;2.08;9.17;5.78;5.23;6.75;2.53;8.02;8.02;5.02;4.17;4.0;3.13;7.53;0.86;3.3;3
40;2;0.11;2.74;1.01;5.58;1.83;8.79;8.55;0.91;9.52;1.73;2.59;8.38;4.98;8.96;4.48;3
40;3;10.0;7.46;3.04;6.68;3.41;0.08;9.88;8.71;2.57;7.86;4.54;3.47;1.27;7.78;8.77;3
40;4;6.9;5.71;7.19;1.19;6.07;0.49;9.05;2.32;6.2;6.86;2.57;6.06;3.25;1.55;3.37;3
40;5;8.01;0.73;3.87;7.18;1.36;4.07;2.1;6.53;4.31;2.29;4.52;4.85;5.99;4.23;8.87;3
40;6;0.91;5.16;9.56;4.27;7.03;0.12;0.92;1.76;8.07;2.48;3.42;8.9;3.62;4.44;6.6;3
40;7;6.59;2.28;8.18;2.6;0.14;8.72;5.48;7.24;6.83;2.83;5.22;4.48;7.32;2.02;6.64;3
40;8;3.56;4.92;5.86;2.51;1.7;2.01;8.01;2.43;9.87;9.35;0.56;8.52;2.04;1.41;8.13;3
40;9;6.58;5.12;0.73;0.4;2.94;6.88;8.56;1.68;5.44;1.07;0.51;3.08;0.16;9.69;7.7;3
40;10;7.77;9.07;3.93;9.01;8.61;6.46;4.38;8.62;5.49;0.47;8.59;2.34;9.13;2.16;4.86;3
41;1;5.34;2.86;1.49;2.0;1.95;9.64;1.75;1.56;3.51;9.69;2.72;3.48;9.12;2.26;7.17;3
41;2;4.52;8.08;4.87;0.62;5.05;0.07;0.41;2.45;7.39;5.44;5.5;6.92;5.14;5.47;2.0;3
41;3;9.79;3.77;6.85;9.14;1.85;5.8;5.24;7.25;8.99;4.6;1.93;9.46;7.94;7.97;7.4;3
41;4;8.48;8.1;9.91;8.49;4.27;8.58;0.39;6.65;6.21;2.81;5.03;4.72;6.73;2.21;7.2;3
41;5;0.02;0.83;5.73;1.94;5.58;6.02;8.88;0.8;4.85;4.97;8.16;9.34;7.04;1.85;3.09;3
41;6;8.73;8.82;0.58;3.14;2.78;8.12;5.36;5.11;7.39;9.06;6.59;8.58;6.99;4.32;6.96;3
41;7;9.12;8.07;3.13;7.24;2.67;5.39;1.56;6.35;2.88;5.25;3.2;6.68;2.21;5.25;6.5;3
41;8;8.75;1.22;2.64;3.82;4.0;8.61;3.44;2.54;3.19;9.79;2.76;0.99;3.98;7.5;4.7;3
41;9;1.01;6.71;0.31;1.06;9.5;9.07;5.42;3.78;4.33;5.6;5.6;9.38;2.05;2.51;5.07;3
41;10;8.37;5.48;1.17;0.58;0.42;8.71;8.45;7.15;1.58;4.37;3.76;3.72;6.48;3.4;8.59;3
42;1;1.22;5.48;7.1;3.4;1.39;6.41;4.56;2.97;2.67;5.69;6.12;2.14;5.09;5.54;2.08;2
42;2;6.5;9.7;4.45;7.3;7.61;8.32;9.29;4.61;5.41;3.47;5.96;8.83;2.66;4.03;0.6;2
42;3;8.48;0.51;2.66;8.7;0.1;3.35;7.84;1.79;5.66;8.75;4.65;7.35;5.83;2.55;8.02;2
42;4;4.13;1.91;5.61;9.33;3.92;4.75;5.46;8.42;4.46;6.79;9.13;6.61;2.44;3.47;7.17;2
42;5;4.47;7.77;3.6;1.71;2.33;1.76;8.24;7.33;1.52;6.5;8.3;7.0;8.65;5.14;5.64;2
42;6;0.77;7.35;8.11;3.77;8.73;6.39;1.45;0.7;4.82;2.14;8.19;1.01;6.55;1.67;8.96;2
42;7;2.44;2.98;8.92;0.6;6.06;9.41;1.57;2.4;0.66;7.33;9.13;1.16;8.56;0.98;6.26;2
42;8;6.0;8.42;1.28;6.23;8.85;2.9;7.77;6.36;8.54;1.59;7.68;8.99;4.48;0.12;0.28;2
42;9;2.26;0.1;8.71;6.52;5.51;1.34;7.35;8.07;5.43;7.89;6.89;3.07;6.25;4.59;2.99;2
42;10;4.76;2.92;9.37;8.8;9.6;5.75;6.82;2.06;0.55;2.94;3.2;4.25;1.57;4.84;0.14;2
43;1;1.21;5.32;2.18;4.01;1.32;8.57;9.07;3.73;9.31;9.26;8.24;8.15;4.93;8.95;6.23;3
43;2;7.78;6.32;3.21;5.12;0.88;0.34;7.06;8.92;8.32;4.54;6.91;3.9;9.97;6.97;0.06;3
43;3;8.17;3.18;8.18;3.78;8.9;9.09;3.33;2.76;1.07;3.28;5.35;0.98;7.55;2.1;6.96;3
43;4;5.09;7.37;7.79;8.68;2.39;1.27;9.8;2.24;2.84;3.06;8.18;1.66;4.6;4.9;0.73;3
43;5;5.35;7.05;6.29;1.82;6.59;9.07;9.46;7.86;9.15;3.88;9.07;0.11;6.92;9.16;0.11;3
43;6;3.77;7.68;7.24;3.13;3.03;3.0;3.25;5.06;4.58;8.46;2.16;4.81;0.41;7.94;2.86;3
43;7;9.83;7.47;9.12;2.53;7.12;8.38;9.9;1.92;4.43;1.63;2.18;4.2;5.04;4.39;9.95;3
43;8;5.01;8.72;2.33;8.67;3.52;8.8;2.83;1.9;5.1;0.48;8.75;3.26;5.13;4.93;7.04;3
43;9;7.52;2.65;5.62;0.23;5.25;2.87;5.41;5.4;0.65;4.6;10.0;6.22;5.75;0.2;9.8;3
43;10;4.92;9.72;9.64;0.27;2.74;3.45;0.79;2.63;4.09;8.34;1.81;7.02;6.77;6.98;4.64;3
44;1;7.05;3.58;3.22;7.31;3.75;9.95;7.41;5.73;1.77;1.6;1.77;0.7;1.58;8.55;8.09;2
44;2;3.05;9.11;2.98;4.53;3.28;4.17;8.42;4.83;3.23;3.58;1.79;9.93;7.98;9.19;7.99;2
44;3;0.25;2.56;3.7;0.09;3.82;7.39;6.8;9.78;3.41;8.53;7.38;4.48;3.28;4.57;5.65;2
44;4;4.88;2.73;0.13;9.85;5.82;7.42;5.46;5.26;0.8;6.81;5.12;6.91;4.01;9.49;0.85;2
44;5;2.52;8.42;7.17;4.46;3.53;1.4;1.7;3.6;5.76;7.0;2.11;7.19;4.4;0.79;3.19;2
44;6;3.19;0.12;6.26;3.63;1.17;1.93;3.91;5.92;6.38;8.97;9.02;4.26;6.7;6.53;1.42;2
44;7;6.87;2.22;3.97;5.04;7.88;6.64;3.84;6.07;3.08;2.83;8.16;1.52;3.49;3.07;9.89;2
44;8;2.33;6.0;3.18;0.32;4.44;6.05;2.82;3.55;1.36;5.28;1.04;3.88;7.06;8.18;5.88;2
44;9;6.9;3.37;4.52;6.7;5.83;1.12;1.34;0.97;6.46;2.32;9.74;6.98;9.47;6.2;1.56;2
44;10;4.45;8.81;3.47;2.08;4.72;6.27;8.1;9.87;2.29;3.08;5.16;7.23;2.5;8.96;4.84;2
45;1;0.85;5.96;8.78;8.73;2.36;6.01;3.98;7.66;6.21;1.98;7.92;8.88;5.12;2.43;4.15;1
45;2;7.51;6.76;9.01;4.09;8.52;8.44;8.45;5.96;6.79;6.14;9.3;3.13;5.63;4.41;6.93;1
45;3;2.38;8.12;2.16;6.67;0.54;5.48;1.48;5.58;4.87;8.38;4.42;1.77;7.55;5.52;9.16;1
45;4;7.34;2.41;6.02;8.95;0.75;0.46;8.45;0.23;5.93;7.01;7.08;2.31;2.46;1.08;7.41;1
45;5;6.62;9.81;2.98;8.27;6.66;8.07;2.17;5.74;9.48;9.05;1.23;0.45;4.46;1.28;2.49;1
45;6;0.51;3.83;0.48;8.55;5.69;5.8;2.95;4.01;4.16;7.3;9.63;4.8;8.7;5.61;9.46;1
45;7;8.7;1.87;1.8;1.97;4.38;5.48;6.46;4.59;5.38;1.74;1.87;9.93;7.51;3.51;7.67;1
45;8;4.92;5.05;3.14;3.76;4.38;9.8;6.2;5.45;9.31;1.07;1.31;6.72;4.4;1.36;0.09;1
45;9;7.13;5.86;3.39;5.56;3.53;0.62;9.66;7.76;8.13;1.83;1.95;4.83;4.25;7.71;5.68;1
45;10;0.61;4.74;4.08;5.86;2.65;1.06;7.75;5.06;8.57;8.69;9.56;9.67;0.06;8.18;0.88;1
46;1;5.89;3.8;3.78;9.61;6.48;5.41;7.59;8.7;3.38;0.31;3.53;3.38;6.94;0.94;0.73;3
46;2;3.14;2.15;8.71;3.42;2.05;5.35;9.23;4.11;3.16;1.7;4.71;6.92;5.53;6.06;7.32;3
46;3;5.79;0.68;7.83;0.42;7.22;9.31;3.86;9.85;3.4;0.49;3.36;2.06;2.82;4.22;4.07;3
46;4;1.31;3.15;1.98;3.77;9.48;6.41;4.91;8.84;5.29;1.71;8.82;2.19;3.88;8.08;7.64;3
46;5;8.05;5.89;2.03;6.17;8.79;2.13;3.29;2.72;1.71;9.59;9.56;8.61;2.66;7.37;2.21;3
46;6;9.88;2.07;1.47;4.81;1.49;8.55;0.27;2.7;5.02;5.46;8.3;4.58;1.94;2.23;8.73;3
46;7;6.8;7.18;4.75;8.62;7.41;6.81;9.08;2.34;9.82;4.47;2.15;0.46;8.85;8.8;9.8;3
46;8;4.37;5.81;5.56;9.52;8.17;8.14;0.51;0.67;0.47;1.0;3.41;8.66;6.86;8.03;9.1;3
46;9;6.28;8.93;2.78;0.98;5.25;3.75;4.33;6.16;1.71;6.1;7.89;4.7;2.81;9.46;8.98;3
46;10;8.63;3.51;4.24;9.19;4.97;5.58;0.04;0.92;5.46;5.9;2.27;8.71;5.6;4.0;4.32;3
47;1;4.2;6.21;7.03;4.4;6.35;8.32;1.29;2.4;8.32;4.14;8.04;9.91;6.54;4.22;1.41;3
47;2;2.75;9.2;8.85;7.33;6.88;6.8;0.31;6.84;0.85;7.52;3.06;9.41;3.25;6.63;3.95;3
47;3;3.37;4.89;8.31;7.01;0.32;9.51;6.4;0.96;4.3;1.79;6.1;8.45;2.57;4.35;1.22;3
47;4;2.47;4.07;4.45;8.27;6.72;9.12;5.21;1.05;9.28;2.94;2.8;8.95;9.08;6.81;3.75;3
47;5;1.69;1.99;0.78;2.5;6.95;3.5;8.69;6.7;3.21;3.68;7.03;3.08;1.36;4.41;8.95;3
47;6;3.54;5.02;5.62;5.47;7.91;3.38;2.92;1.58;8.24;7.35;9.61;1.02;8.29;0.33;3.31;3
47;7;6.86;9.1;2.83;8.24;0.76;2.81;6.89;2.76;0.16;5.9;7.77;7.18;8.61;3.99;5.61;3
47;8;8.45;7.82;2.29;4.96;1.55;3.88;7.68;8.65;6.57;8.49;8.25;2.99;4.12;2.47;6.79;3
47;9;7.68;0.05;2.44;4.02;9.54;2.57;2.3;6.32;8.71;3.78;1.27;9.96;4.01;5.73;6.57;3
47;10;2.66;6.6;8.46;5.51;2.0;9.37;2.36;6.52;8.17;6.93;1.76;7.0;5.65;9.41;8.29;3
48;1;1.85;7.51;6.95;4.04;8.5;8.38;8.63;9.69;4.12;5.18;6.59;7.64;6.25;7.67;7.69;1
48;2;0.09;5.98;6.76;9.51;3.45;2.24;1.0;3.67;5.85;7.36;8.16;3.2;5.19;6.54;7.62;1
48;3;9.27;2.17;2.12;1.07;4.8;0.65;9.96;7.77;5.51;5.72;0.58;2.28;0.94;1.78;7.41;1
48;4;3.71;8.25;4.58;6.27;8.77;1.05;2.27;5.42;7.38;4.04;0.24;2.18;9.71;2.29;3.99;1
48;5;5.69;8.62;7.43;2.82;1.65;3.5;2.38;7.92;8.42;7.36;3.57;6.23;0.66;6.4;9.2;1
48;6;5.91;7.33;0.2;8.35;6.8;8.86;7.62;8.58;9.57;9.62;7.0;0.64;0.92;1.97;2.75;1
48;7;0.61;1.32;3.73;6.59;9.87;0.97;6.16;5.11;4.19;2.25;4.86;5.98;9.22;8.03;2.27;1
48;8;3.34;3.87;8.4;9.25;3.04;5.81;0.85;9.94;6.18;6.19;1.71;6.56;0.54;0.18;9.56;1
48;9;7.0;8.19;2.35;0.67;0.2;6.31;5.92;2.19;3.84;5.27;8.91;0.86;6.4;7.1;2.81;1
48;10;5.18;8.58;6.79;0.26;0.95;4.52;0.45;3.29;8.66;3.73;9.3;5.26;0.98;6.79;3.0;1
49;1;8.63;0.6;2.36;4.12;9.32;0.24;7.53;6.32;8.48;1.08;2.74;3.89;0.49;0.97;3.83;2
49;2;9.52;2.74;1.14;1.05;2.99;7.12;0.42;4.96;6.79;2.82;1.86;4.21;8.05;3.95;5.3;2
49;3;8.29;0.43;4.39;7.14;3.45;1.82;6.91;5.56;1.53;5.41;1.95;0.27;4.41;6.83;6.2;2
49;4;4.09;7.22;9.35;4.05;4.26;9.68;7.52;7.01;8.39;7.78;3.12;6.02;7.53;8.05;0.73;2
49;5;4.33;3.22;6.45;1.2;2.29;9.65;6.4;6.59;3.17;1.85;4.26;1.55;3.06;1.14;8.92;2
49;6;1.2;0.21;5.71;4.34;0.19;3.64;4.65;7.77;5.18;2.68;0.44;0.26;1.84;8.67;7.71;2
49;7;8.74;8.96;1.94;2.88;8.01;5.91;5.78;0.47;4.25;7.22;1.01;5.61;5.83;2.2;8.01;2
49;8;5.57;4.42;3.51;2.16;3.61;3.53;7.78;6.75;1.91;0.18;7.2;9.16;8.15;7.91;1.97;2
49;9;0.79;2.8;4.96;5.2;6.47;0.02;6.6;5.43;7.33;0.07;3.99;0.29;2.82;1.14;0.39;2
49;10;6.99;5.74;2.77;2.91;4.95;0.85;2.95;8.83;2.99;8.55;8.25;4.38;9.91;1.92;3.45;2
50;1;5.44;9.51;6.49;9.96;0.61;6.37;9.47;1.85;0.24;2.74;2.99;9.42;0.22;9.91;0.83;3
50;2;0.04;0.16;4.73;3.68;9.66;9.67;0.03;0.42;2.06;6.79;0.05;6.64;8.08;0.58;1.99;3
50;3;3.2;5.48;2.47;1.71;3.07;8.06;4.68;7.08;5.22;1.39;4.89;0.41;9.98;1.33;9.44;3
50;4;5.03;1.99;4.77;5.29;8.52;0.22;7.34;4.93;8.18;8.71;7.71;7.31;5.43;3.26;2.6;3
50;5;4.63;9.87;3.69;7.15;5.75;2.34;3.22;1.72;1.36;3.63;7.85;4.13;2.39;3.68;2.74;3
50;6;2.67;8.37;8.25;3.13;0.67;0.19;8.36;9.61;0.08;8.52;8.62;4.0;1.43;4.09;0.64;3
50;7;6.51;9.23;8.33;7.77;7.68;7.95;9.58;4.23;4.9;2.55;7.22;8.94;0.37;1.39;5.55;3
50;8;5.65;8.7;9.3;1.25;5.31;3.47;4.07;8.65;7.28;7.75;0.52;1.34;7.37;5.56;0.79;3
50;9;3.41;2.96;1.47;7.32;3.1;0.84;1.1;9.89;8.0;1.12;9.82;7.63;0.87;0.75;1.38;3
50;10;4.93;5.79;0.97;6.9;7.8;3.33;6.62;1.5;4.01;3.29;5.96;2.63;3.86;8.25;2.07;3
51;1;3.14;1.86;6.13;6.78;2.12;7.5;7.34;2.08;9.36;4.08;6.28;5.67;2.03;2.49;8.36;3
51;2;6.53;9.92;7.07;4.72;2.86;6.72;5.98;3.51;5.13;2.11;6.58;9.6;1.35;9.47;2.03;3
51;3;3.08;7.28;2.33;2.63;8.95;8.93;1.61;6.43;9.04;9.15;0.43;9.43;1.98;2.47;6.06;3
51;4;0.02;5.78;9.55;9.47;8.44;0.77;3.41;7.58;6.05;6.7;3.44;7.06;8.15;2.83;6.75;3
51;5;5.64;0.84;9.48;7.65;9.92;6.0;2.95;4.56;3.61;1.24;8.02;0.37;2.88;1.99;7.86;3
51;6;8.86;2.98;6.86;2.37;8.18;8.81;5.62;1.44;0.17;0.25;0.12;5.29;6.11;9.31;8.91;3
51;7;6.4;6.53;1.81;8.4;4.42;0.5;8.37;3.41;9.68;2.79;9.26;0.68;9.31;3.81;5.96;3
51;8;1.23;5.84;8.27;7.37;2.26;0.24;4.02;8.37;6.53;7.34;1.44;1.3;8.87;0.0;3.15;3
51;9;4.96;2.94;2.11;9.13;0.85;9.17;3.43;4.43;2.02;1.65;2.32;4.13;9.7;1.98;0.03;3
51;10;8.62;6.29;7.44;2.61;0.19;1.22;8.13;6.35;1.47;9.5;8.46;1.41;3.99;7.53;8.73;3
52;1;9.42;9.29;4.87;3.18;2.02;7.64;6.22;5.03;7.2;3.71;5.94;8.67;5.48;9.97;3.07;2
52;2;5.48;6.6;8.42;3.15;8.83;3.03;5.3;5.46;3.75;6.05;1.71;4.09;8.96;4.29;4.21;2
52;3;1.48;9.74;2.85;3.11;8.18;7.42;1.96;3.24;8.08;8.74;8.94;3.05;7.52;1.96;6.65;2
52;4;6.37;0.34;8.14;2.3;7.99;5.62;1.93;7.72;1.01;7.25;0.63;7.41;5.31;1.73;9.67;2
52;5;5.36;0.68;3.91;1.35;2.56;5.16;1.51;5.21;5.62;3.04;8.55;1.56;4.39;7.21;8.38;2
52;6;2.3;5.1;7.76;7.6;9.35;8.72;5.87;8.24;3.67;4.98;7.2;6.77;5.8;5.6;3.03;2
52;7;8.98;0.67;6.47;4.3;0.16;4.06;2.33;3.3;9.1;5.74;9.07;2.29;2.69;2.85;1.18;2
52;8;9.36;1.91;5.96;6.7;4.88;1.81;5.52;4.82;2.01;8.88;9.2;1.17;0.14;9.9;5.15;2
52;9;0.36;9.16;0.4;9.77;8.73;3.8;4.81;1.78;5.16;9.68;8.34;1.98;7.99;0.03;6.06;2
52;10;0.87;0.62;2.57;8.92;4.85;8.16;9.69;8.9;9.94;0.81;3.59;5.95;3.56;1.0;0.87;2
53;1;4.17;6.43;7.84;3.25;0.22;8.08;3.67;3.15;9.52;6.83;3.85;0.49;6.75;6.43;2.18;1
53;2;5.63;6.54;6.04;3.4;3.48;4.86;0.77;9.97;0.98;0.12;6.81;6.0;1.98;7.4;5.37;1
53;3;8.82;8.0;5.02;5.84;8.97;3.6;8.9;7.8;1.97;2.5;0.13;2.8;9.14;8.03;5.48;1
53;4;6.57;4.19;9.16;6.76;1.9;6.84;0.92;4.67;7.75;4.45;9.69;6.95;1.44;6.63;3.45;1
53;5;1.63;4.07;1.34;9.5;8.88;3.95;6.45;5.37;8.38;9.78;3.87;9.67;3.88;6.99;6.01;1
53;6;2.44;6.78;1.98;3.74;7.81;9.25;6.87;0.58;4.32;3.41;1.74;4.95;9.29;7.32;7.65;1
53;7;7.86;3.05;1.57;5.75;4.47;5.76;7.14;5.57;0.39;6.62;9.88;6.28;5.41;7.4;9.46;1
53;8;6.13;3.93;8.18;9.82;8.39;1.65;6.91;8.49;6.01;2.07;3.19;1.5;7.21;6.05;5.4;1
53;9;6.53;2.05;5.88;8.93;5.19;5.95;9.98;4.69;0.36;2.27;8.74;9.22;8.19;6.04;7.73;1
53;10;0.47;7.48;8.91;1.56;9.84;7.78;4.35;0.99;2.62;5.51;9.78;3.14;5.03;1.24;6.21;1
54;1;5.04;5.34;6.06;2.24;7.82;6.38;6.21;0.33;4.29;9.14;6.35;4.02;8.74;9.61;5.04;3
54;2;1.89;2.14;4.42;5.12;3.6;3.68;7.15;0.78;5.45;5.71;5.99;7.19;8.97;5.14;5.8;3
54;3;4.72;2.12;7.84;0.09;7.28;1.84;6.96;3.69;6.9;4.15;3.96;7.76;4.12;8.13;0.64;3
54;4;2.76;2.17;2.54;1.94;8.65;0.14;2.94;4.66;6.17;0.98;3.5;4.65;3.94;1.87;3.17;3
54;5;5.92;1.23;8.56;1.15;7.92;5.93;6.57;1.49;7.46;3.06;3.25;7.78;7.14;0.58;3.47;3
54;6;2.52;7.41;7.67;3.28;5.47;5.95;4.44;1.86;8.68;1.53;1.42;1.74;1.02;3.16;4.89;3
54;7;6.41;3.41;3.33;8.46;1.56;9.88;1.16;9.6;4.0;7.74;5.32;9.31;2.52;4.56;0.67;3
54;8;8.83;9.76;5.23;4.02;3.9;0.07;2.3;6.38;6.8;4.51;3.48;2.88;1.1;0.71;9.35;3
54;9;1.56;8.94;8.5;3.45;3.65;8.91;2.92;4.45;4.87;4.69;5.31;3.21;6.47;5.45;1.96;3
54;10;8.46;6.27;7.76;0.41;8.63;1.71;7.96;1.91;7.88;0.29;5.87;3.02;3.52;4.15;2.27;3
55;1;0.53;7.58;8.98;5.25;3.8;6.45;0.83;1.53;8.3;5.21;5.55;0.05;5.03;6.2;7.67;2
55;2;2.24;5.38;4.42;8.24;9.82;7.06;1.22;5.31;0.12;9.89;3.39;1.48;2.47;0.01;3.6;2
55;3;0.86;8.3;9.21;6.23;7.7;5.75;2.3;5.48;4.31;6.02;8.15;5.49;8.51;2.79;3.32;2
55;4;8.99;5.39;5.1;6.35;3.77;1.68;1.1;8.9;8.08;9.69;0.19;9.12;0.58;1.69;7.34;2
55;5;0.32;1.35;6.19;8.65;1.53;3.59;9.46;0.26;8.72;0.21;6.34;5.45;8.57;4.87;0.87;2
55;6;1.77;2.11;0.13;8.26;2.49;6.83;8.16;6.36;3.43;5.67;1.49;2.64;3.77;7.53;2.09;2
55;7;0.88;8.41;2.2;6.57;3.33;0.25;4.37;5.86;3.08;0.4;0.04;2.11;5.67;3.85;2.76;2
55;8;1.64;4.08;1.62;9.87;0.67;8.48;6.99;1.14;9.72;9.4;5.38;5.55;2.14;8.35;5.52;2
55;9;5.62;8.73;5.8;5.15;0.05;7.27;3.94;2.9;7.09;9.44;6.08;9.34;4.82;4.31;2.51;2
55;10;4.25;9.6;3.28;5.6;1.81;5.31;8.16;1.27;2.82;4.5;0.2;5.54;8.93;0.82;5.82;2
56;1;8.43;3.61;1.92;0.37;6.21;9.64;6.45;7.03;9.87;8.94;3.19;7.36;2.45;6.19;3.86;1
56;2;0.56;5.0;0.2;4.26;6.13;2.47;2.87;6.22;1.89;1.94;1.18;9.98;1.67;8.64;2.89;1
56;3;7.17;9.9;8.61;2.44;7.51;2.89;9.44;5.34;3.56;2.16;1.74;1.72;9.09;2.05;4.18;1
56;4;5.48;8.5;7.73;3.57;1.01;3.58;4.77;1.38;0.36;3.77;0.47;5.06;4.24;0.25;5.26;1
56;5;3.74;8.21;9.89;3.36;3.68;5.26;9.72;6.87;2.83;8.08;1.51;5.24;2.09;3.45;9.04;1
56;6;4.59;4.15;7.41;9.59;4.24;2.5;6.22;4.35;0.35;0.34;3.64;2.76;0.74;6.51;5.82;1
56;7;5.38;2.27;4.21;9.77;4.79;1.72;4.34;4.73;4.78;9.83;6.57;5.49;9.16;0.49;7.69;1
56;8;5.43;9.38;2.53;9.56;5.63;3.76;4.87;9.19;3.54;4.04;7.79;9.22;9.79;7.05;7.08;1
56;9;1.93;7.88;0.8;2.84;7.03;5.78;5.78;3.31;1.25;0.78;2.21;4.58;3.79;8.82;5.53;1
56;10;7.95;4.33;7.83;3.54;6.74;4.46;0.21;6.9;8.54;1.6;4.02;5.71;0.64;2.08;6.34;1
57;1;2.79;3.9;6.53;2.18;5.4;1.18;1.85;6.53;8.74;3.61;7.41;4.01;2.87;7.51;1.07;1
57;2;9.13;0.99;2.12;6.59;3.38;3.64;3.52;5.09;3.98;4.03;3.39;9.46;5.95;2.6;9.13;1
57;3;2.02;8.1;4.56;9.79;2.4;3.7;6.06;5.09;1.18;9.72;0.78;6.32;9.74;4.69;1.35;1
57;4;5.57;7.39;7.97;1.05;5.5;5.59;8.41;4.02;7.39;4.19;0.11;0.83;1.94;5.57;7.82;1
57;5;3.79;8.11;7.22;0.53;6.02;0.69;0.02;7.61;8.5;8.39;5.17;6.38;4.0;4.0;1.74;1
57;6;3.84;6.47;5.69;4.07;1.27;3.84;8.21;7.79;4.34;5.89;2.71;4.58;4.9;6.2;0.92;1
57;7;3.29;6.4;1.04;4.7;1.69;9.72;9.95;2.73;5.96;2.67;9.33;8.76;0.5;1.78;0.28;1
57;8;8.17;0.89;3.55;7.33;5.69;1.76;0.31;6.98;3.63;2.71;6.43;5.32;2.68;9.28;5.42;1
57;9;7.62;1.91;4.34;7.02;8.3;9.35;2.28;6.75;8.37;9.5;5.76;0.45;4.97;8.31;9.91;1
57;10;7.37;2.57;1.78;5.97;1.31;0.62;3.53;5.9;1.13;2.22;2.64;4.05;2.82;2.23;7.46;1
58;1;8.63;0.96;9.96;5.69;8.61;5.13;8.1;5.98;5.37;6.46;3.05;5.42;4.6;2.2;1.73;3
58;2;0.57;3.06;6.01;1.4;6.58;7.93;3.9;0.44;5.04;8.38;1.37;2.41;8.15;9.57;6.94;3
58;3;8.31;9.11;7.31;1.9;2.63;0.08;7.31;2.38;4.6;3.52;2.74;7.96;8.01;0.74;8.8;3
58;4;9.25;4.22;9.09;2.42;8.05;9.34;7.29;5.98;0.02;2.9;3.53;9.56;5.15;7.48;6.31;3
58;5;1.43;5.96;4.71;5.24;3.38;6.18;4.32;4.69;9.15;5.99;9.05;7.46;5.33;7.98;9.45;3
58;6;1.98;6.53;4.74;2.8;2.53;6.94;0.03;1.88;3.38;3.93;0.36;0.3;3.32;8.78;4.21;3
58;7;9.96;8.92;9.61;2.11;3.06;2.2;8.86;8.56;0.8;7.43;2.46;9.32;6.91;3.92;3.87;3
58;8;8.43;0.86;9.66;4.54;5.87;4.46;3.25;3.76;4.74;8.7;6.35;9.21;4.65;8.63;6.64;3
58;9;3.71;6.27;8.14;5.48;1.82;0.05;7.0;2.81;7.21;0.64;9.44;5.36;2.72;0.31;1.94;3
58;10;0.21;7.11;0.75;3.22;8.53;4.26;2.9;6.0;3.88;8.63;5.05;4.07;8.12;1.73;5.79;3
59;1;1.73;1.63;6.67;5.59;6.32;8.08;1.66;0.16;8.7;9.79;9.83;7.68;8.37;3.69;4.97;1
59;2;2.15;2.31;2.8;7.61;9.32;3.44;7.43;9.61;9.97;3.0;5.33;0.76;1.22;7.54;3.91;1
59;3;4.62;4.26;9.29;3.2;9.08;8.57;6.85;3.61;0.97;0.45;7.08;7.63;7.62;1.8;0.33;1
59;4;8.84;5.13;5.53;1.34;5.43;0.36;2.36;9.93;5.1;9.79;3.12;3.2;7.66;2.24;1.46;1
59;5;1.11;9.36;8.99;3.89;2.34;4.07;9.28;5.61;1.91;0.96;7.02;7.41;8.36;3.78;0.72;1
59;6;3.77;4.84;3.34;4.07;3.66;1.33;1.47;8.59;6.68;0.18;4.08;9.94;7.52;4.77;1.02;1
59;7;4.92;3.88;1.05;5.74;0.6;6.54;5.83;4.07;7.67;9.84;7.42;5.6;4.74;4.19;2.0;1
59;8;5.9;3.25;5.37;4.81;0.82;7.17;6.41;4.32;2.47;4.73;2.51;6.24;6.02;8.01;7.63;1
59;9;3.18;2.31;0.61;8.63;5.57;2.96;7.99;0.55;3.92;1.7;1.27;6.7;0.22;3.43;9.11;1
59;10;6.06;1.16;3.39;4.15;5.37;9.5;7.56;8.51;8.42;0.33;4.17;6.76;6.0;6.88;6.17;1
60;1;2.52;5.11;7.5;6.12;6.18;8.22;9.48;8.89;4.18;2.33;3.23;6.27;3.72;4.63;1.14;1
60;2;1.08;7.77;7.05;3.11;1.19;7.85;9.56;3.64;7.9;1.65;4.98;2.24;8.34;8.35;0.11;1
60;3;6.58;9.96;1.03;6.08;3.27;0.77;5.85;2.64;7.49;8.03;6.76;8.95;4.99;7.02;5.07;1
60;4;9.09;3.79;1.3;4.47;7.34;9.81;8.58;6.86;1.94;2.31;6.11;3.46;1.86;3.06;2.68;1
60;5;0.93;1.8;9.69;0.79;8.92;6.28;7.27;7.78;9.86;3.35;6.07;2.81;4.6;8.54;8.96;1
60;6;7.26;8.09;2.31;8.22;2.35;1.23;7.77;9.64;5.37;0.75;0.28;8.75;2.46;0.37;6.93;1
60;7;7.48;0.97;2.69;9.21;5.77;0.93;1.77;5.86;4.54;0.22;6.45;0.22;0.97;8.56;9.62;1
60;8;5.81;1.97;3.68;1.01;6.75;1.73;5.75;8.44;6.46;7.29;7.82;0.92;4.44;7.48;9.56;1
60;9;4.69;5.89;5.86;0.95;7.62;9.16;1.21;3.83;9.12;1.72;5.62;6.36;5.57;0.43;4.44;1
60;10;4.05;0.06;1.69;6.43;1.39;1.41;8.66;2.48;5.27;1.4;9.97;8.37;2.02;3.28;5.23;1
61;1;3.16;6.65;6.34;1.92;0.97;2.48;1.06;9.75;1.03;2.68;5.23;5.85;5.03;7.01;0.58;1
61;2;7.28;4.68;9.27;7.9;6.08;7.69;5.34;3.48;3.55;6.28;5.38;2.4;1.48;2.31;6.64;1
61;3;6.94;1.02;8.04;7.34;6.62;1.55;9.32;1.07;5.49;5.84;2.9;5.26;4.31;3.07;6.86;1
61;4;0.93;1.11;9.92;2.32;0.63;5.93;0.41;2.62;3.62;7.77;8.05;0.46;1.26;7.98;6.15;1
61;5;2.25;3.05;4.37;9.26;6.46;5.83;2.91;9.64;6.65;0.07;4.44;1.52;9.07;6.2;8.45;1
61;6;5.75;7.44;9.71;8.86;9.54;9.34;3.23;8.86;7.13;4.27;0.71;3.74;5.07;0.88;0.96;1
61;7;9.06;7.98;9.83;6.44;6.26;2.2;2.93;5.58;7.92;7.82;5.09;2.58;4.68;8.97;4.94;1
61;8;3.51;7.7;1.03;6.22;6.95;1.05;2.95;1.5;8.19;4.09;7.4;6.23;7.61;8.16;1.5;1
61;9;2.38;8.86;2.0;3.87;7.95;5.09;3.83;8.11;9.48;2.84;9.25;3.34;0.59;7.09;4.6;1
61;10;5.98;0.3;0.88;7.26;1.96;9.78;6.47;7.88;1.38;2.74;1.67;7.8;7.36;3.31;8.91;1
62;1;1.5;5.07;1.99;6.31;3.39;2.44;1.03;1.14;4.34;8.56;2.47;8.58;2.75;9.26;8.99;1
62;2;3.99;1.05;5.29;4.18;7.92;7.47;3.31;2.07;4.9;6.39;0.42;7.36;0.73;0.77;7.51;1
62;3;0.6;0.52;6.3;6.69;8.71;9.35;9.46;5.16;1.38;7.83;3.21;0.67;8.35;5.77;1.96;1
62;4;4.62;2.54;9.18;2.27;1.45;2.98;9.92;0.7;5.1;7.82;3.71;4.78;5.12;5.76;4.18;1
62;5;8.46;4.09;4.95;5.77;9.01;0.78;8.79;0.08;9.17;3.38;9.8;3.22;7.15;4.92;5.41;1
62;6;0.79;8.37;9.74;9.7;7.2;5.32;5.52;9.09;9.48;5.91;7.25;5.27;3.64;9.44;0.27;1
62;7;7.4;8.61;2.25;4.11;3.99;2.51;5.6;5.41;0.64;9.38;6.04;7.96;2.02;7.0;0.61;1
62;8;0.74;4.47;4.93;9.87;5.11;2.01;9.83;7.65;2.24;9.15;6.72;0.88;3.09;2.43;2.5;1
62;9;3.16;5.73;8.06;6.85;1.5;4.64;7.46;4.92;2.8;0.21;9.11;8.03;5.68;9.93;8.74;1
62;10;3.89;1.95;1.54;5.48;1.43;0.44;8.43;0.5;1.71;3.72;4.48;5.24;1.47;8.83;1.7;1
63;1;7.84;8.59;5.12;7.0;9.34;3.9;6.52;4.14;9.1;2.64;2.16;2.63;1.2;4.98;7.03;1
63;2;7.01;5.64;6.06;8.41;7.12;8.23;2.15;0.68;4.85;4.21;9.27;0.84;5.3;7.34;8.81;1
63;3;4.6;6.55;4.22;3.69;1.16;6.42;0.71;3.94;0.74;9.67;1.97;2.36;2.0;2.49;4.14;1
63;4;0.07;4.96;9.06;8.32;9.74;9.32;5.13;1.82;8.06;8.51;7.11;7.15;4.59;5.82;3.6;1
63;5;6.44;9.88;4.24;9.75;2.58;4.52;2.28;6.25;2.1;5.14;9.13;4.48;3.06;5.54;7.56;1
63;6;8.06;7.68;1.41;8.01;2.35;5.43;7.06;5.72;1.9;2.39;7.7;1.32;7.04;9.43;3.27;1
63;7;5.95;7.43;0.5;3.14;3.26;8.0;7.05;0.65;8.74;5.39;1.15;5.44;0.79;0.33;6.59;1
63;8;6.47;6.57;4.97;2.93;5.39;9.52;1.87;5.75;0.24;3.49;4.68;1.2;4.64;0.66;8.07;1
63;9;6.79;6.8;4.44;9.48;4.51;4.84;8.9;0.98;1.39;7.73;5.7;6.06;6.62;9.12;2.07;1
63;10;5.65;7.24;5.66;7.01;1.48;6.53;9.25;9.56;3.84;9.23;5.24;4.68;0.66;1.38;9.45;1
64;1;9.87;9.52;2.59;5.86;0.31;6.07;0.08;4.52;2.08;6.9;1.38;4.71;5.01;2.87;4.58;3
64;2;1.27;5.03;8.91;4.93;9.47;8.33;3.26;9.15;3.61;4.06;3.47;1.77;7.05;7.62;4.27;3
64;3;5.12;3.69;1.0;5.96;4.5;8.68;6.23;3.75;9.53;3.37;5.2;0.44;3.1;0.36;0.25;3
64;4;6.63;6.15;1.94;1.55;2.26;1.0;6.77;8.7;6.55;8.24;3.41;9.78;4.27;1.62;6.21;3
64;5;4.39;8.48;2.91;8.13;4.1;8.33;2.19;4.68;1.34;6.48;9.17;7.51;7.48;0.56;4.6;3
64;6;5.47;3.19;7.77;1.06;6.6;0.39;2.86;9.29;1.7;6.54;7.32;7.39;7.7;7.42;1.29;3
64;7;8.82;0.4;5.91;3.44;0.52;0.8;6.12;9.71;7.16;9.06;1.77;8.45;5.48;3.18;5.95;3
64;8;1.76;7.82;6.07;7.3;8.63;3.48;8.67;3.05;9.95;4.07;9.61;7.69;1.42;4.79;6.59;3
64;9;0.59;6.26;4.44;0.3;8.89;2.77;8.62;9.42;7.61;4.8;9.22;1.35;6.99;8.73;4.87;3
64;10;3.08;2.54;0.7;3.98;5.76;0.72;9.45;6.12;4.61;5.6;5.46;8.99;5.12;9.6;6.83;3
65;1;9.72;0.81;8.09;6.17;5.0;8.02;2.74;3.98;9.52;9.31;7.42;5.13;3.18;2.84;2.56;3
65;2;7.83;2.37;6.21;3.76;8.57;5.41;9.31;6.08;0.65;6.84;7.79;3.76;8.19;0.42;4.38;3
65;3;8.53;2.88;1.24;8.13;1.52;2.83;1.24;7.16;5.51;6.97;7.3;1.02;2.89;8.16;2.23;3
65;4;8.97;1.24;3.52;4.56;1.5;6.05;1.98;0.74;5.53;6.52;1.12;4.11;4.18;5.28;9.93;3
65;5;7.53;1.06;3.06;6.56;4.73;7.25;4.98;3.33;4.66;5.51;6.9;2.8;2.21;4.14;7.12;3
65;6;0.34;3.89;7.26;2.13;9.15;5.55;6.97;7.75;7.33;5.97;8.04;7.8;2.57;7.11;3.99;3
65;7;9.11;4.8;8.09;7.89;7.26;9.52;4.19;8.21;4.18;6.64;4.58;7.45;5.68;4.42;7.54;3
65;8;3.1;4.99;3.95;3.74;4.16;6.64;8.28;5.13;7.3;3.59;1.62;5.53;5.28;3.07;0.33;3
65;9;1.37;9.93;1.27;9.26;0.8;1.08;6.62;7.89;9.8;6.64;5.9;1.53;6.23;0.28;6.64;3
65;10;4.03;7.16;5.59;7.55;1.93;4.27;2.48;9.06;1.49;5.59;2.84;6.52;3.02;1.58;4.75;3
66;1;4.17;0.43;9.13;4.36;5.56;3.27;0.3;1.86;1.41;6.78;4.65;6.81;8.6;3.5;5.49;1
66;2;3.97;2.96;4.98;0.4;8.75;1.81;0.38;9.62;1.9;3.18;8.67;6.85;7.78;7.02;5.35;1
66;3;1.15;8.32;5.5;4.41;6.45;3.24;1.96;6.57;5.09;1.89;1.99;3.46;8.13;3.74;4.39;1
66;4;2.89;6.87;4.6;0.91;7.93;7.76;7.81;3.45;6.56;3.54;1.42;9.14;5.2;9.14;0.75;1
66;5;6.5;3.04;4.58;3.38;1.61;7.56;9.41;3.74;0.49;9.78;7.59;0.26;2.3;2.41;9.25;1
66;6;8.73;1.24;4.32;1.49;0.9;0.89;9.6;7.62;3.13;0.79;3.85;4.3;8.43;6.5;7.52;1
66;7;0.82;8.12;1.81;3.52;8.94;0.99;3.7;0.01;1.86;0.64;7.67;0.77;9.14;8.48;1.78;1
66;8;2.31;2.17;1.43;9.08;4.84;9.54;7.03;5.27;4.53;0.03;5.67;0.98;9.68;9.41;4.07;1
66;9;0.99;5.8;6.18;6.16;2.78;8.71;6.84;5.5;6.01;6.2;8.06;6.14;0.41;2.2;2.68;1
66;10;5.58;4.69;3.58;1.64;9.48;9.26;6.49;2.94;9.48;9.43;1.11;7.97;6.2;4.77;5.0;1
67;1;8.24;7.47;6.78;8.81;7.27;4.73;8.58;5.07;2.94;1.16;0.79;1.86;9.15;1.69;8.62;2
67;2;1.18;8.45;8.63;4.61;9.76;6.82;8.93;6.35;7.62;2.42;2.99;7.68;2.41;8.7;3.12;2
67;3;9.66;8.13;4.31;0.11;8.78;6.72;0.03;6.42;8.76;1.76;2.36;4.63;0.15;3.53;9.92;2
67;4;8.93;6.35;6.03;7.67;9.43;0.88;8.37;2.69;7.64;2.01;7.08;6.37;1.57;5.65;7.92;2
67;5;4.62;3.39;6.29;1.85;0.05;2.61;4.56;8.59;4.15;0.76;8.54;3.35;1.2;6.28;3.01;2
67;6;9.86;2.87;2.85;2.8;9.72;4.09;5.94;4.0;6.91;7.3;0.22;3.22;4.57;3.29;1.54;2
67;7;2.19;6.06;4.99;3.74;9.39;6.95;4.88;2.73;2.67;1.19;1.7;0.89;7.38;7.89;4.8;2
67;8;9.37;3.71;5.9;0.71;8.73;6.23;4.95;8.66;4.29;3.75;5.97;3.32;2.32;7.79;2.61;2
67;9;1.15;6.59;5.52;1.33;1.93;1.98;3.08;2.45;2.14;2.03;7.93;4.01;6.44;6.7;5.79;2
67;10;4.72;2.22;8.81;0.89;3.13;3.02;9.61;0.82;4.59;0.02;6.18;3.38;5.0;1.96;5.0;2
68;1;0.13;3.84;2.42;4.13;4.39;9.23;0.75;1.72;6.58;0.38;0.06;1.18;7.58;2.22;1.43;2
68;2;9.39;7.39;9.83;9.82;4.36;4.23;0.99;3.66;1.84;8.49;9.85;5.42;8.67;8.77;7.12;2
68;3;2.64;9.78;9.97;7.05;4.63;2.94;0.34;1.92;0.65;0.43;1.57;5.33;7.27;0.91;6.15;2
68;4;6.89;7.18;2.77;4.63;0.54;7.75;3.77;9.26;7.02;2.35;2.98;8.13;2.51;7.68;9.38;2
68;5;9.37;5.7;1.78;0.61;7.56;3.51;1.53;6.8;1.35;6.6;7.45;6.0;2.35;2.59;7.02;2
68;6;1.71;1.5;7.36;3.13;8.35;8.64;6.3;1.7;9.95;7.6;9.88;9.04;5.17;5.4;2.72;2
68;7;2.17;6.36;0.41;2.44;8.81;5.86;9.67;9.28;3.0;9.76;0.73;3.46;7.59;3.43;3.17;2
68;8;1.61;7.2;1.16;6.06;2.93;3.73;4.05;9.43;1.87;4.66;0.51;8.68;7.68;8.51;3.25;2
68;9;2.05;9.53;8.97;7.99;5.05;9.23;2.44;4.7;8.21;5.78;9.42;4.37;6.28;7.13;8.7;2
68;10;7.63;8.28;4.89;8.43;1.3;2.99;3.93;1.26;2.98;8.78;9.6;9.58;3.76;1.53;0.89;2
69;1;3.99;5.22;4.24;0.0;7.69;9.07;3.52;8.82;5.05;8.17;1.66;6.53;7.39;3.51;0.78;2
69;2;0.99;7.26;6.43;4.76;8.09;1.75;5.52;8.93;1.38;6.62;3.29;1.47;2.45;7.77;9.41;2
69;3;9.93;7.79;9.47;0.27;5.51;2.54;4.73;6.55;7.92;4.97;2.1;4.91;9.45;2.63;1.77;2
69;4;3.2;2.19;5.46;1.0;4.51;8.79;2.84;5.31;9.05;6.27;6.92;1.71;6.1;7.56;6.04;2
69;5;9.22;1.12;6.79;9.75;4.7;8.93;5.52;1.32;7.36;4.63;6.83;9.07;3.23;0.64;2.47;2
69;6;0.01;6.28;0.47;1.66;3.09;2.47;8.08;0.05;9.74;5.15;6.02;6.32;4.17;5.56;2.77;2
69;7;8.45;9.35;7.22;9.67;9.72;4.39;5.07;9.49;4.64;5.94;2.54;9.36;9.02;8.98;6.34;2
69;8;7.82;2.66;1.1;7.74;7.05;7.81;1.39;0.81;2.88;0.05;2.91;0.78;1.71;3.99;8.81;2
69;9;4.44;5.03;5.37;1.6;4.97;9.49;0.03;8.96;6.25;7.49;6.13;4.2;1.33;2.17;1.7;2
69;10;5.17;5.75;6.61;7.87;4.77;1.93;9.64;1.14;8.79;5.69;7.3;9.34;4.82;5.43;9.09;2
70;1;6.42;7.89;9.11;7.65;8.65;8.86;3.5;0.93;2.0;2.66;9.14;4.65;7.75;2.26;0.26;1
70;2;6.09;9.38;5.17;5.57;7.28;7.98;3.11;1.75;3.5;3.29;1.94;7.71;9.98;4.48;1.48;1
70;3;2.6;5.19;9.31;8.0;7.52;6.44;9.61;0.14;0.3;9.87;2.04;5.54;7.82;6.2;3.67;1
70;4;9.74;4.47;6.34;5.99;6.76;3.89;2.92;9.79;5.99;5.22;3.29;2.6;1.5;6.47;2.49;1
70;5;6.43;8.03;6.57;4.27;5.01;1.41;3.3;9.63;3.65;2.01;7.03;9.49;1.01;2.53;3.97;1
70;6;9.05;7.84;4.89;9.43;5.74;8.54;0.16;6.66;7.57;7.29;2.13;9.8;2.06;1.1;8.37;1
70;7;1.42;8.48;1.05;0.16;3.93;0.58;3.15;8.86;1.29;1.7;4.25;8.29;5.25;2.53;6.13;1
70;8;1.45;3.45;6.26;8.81;3.94;8.11;1.46;3.08;4.82;9.92;7.76;3.05;9.66;5.95;9.41;1
70;9;5.05;3.59;5.71;3.27;0.03;3.11;7.43;7.0;8.28;4.37;7.86;6.43;1.38;4.86;3.11;1
70;10;1.19;6.43;6.16;6.82;2.57;3.39;0.56;7.09;9.6;7.95;4.08;7.16;4.81;4.14;7.3;1
71;1;0.12;2.04;3.53;1.97;0.9;5.5;8.35;7.9;7.17;3.11;5.31;5.19;2.85;8.19;1.65;2
71;2;0.21;4.78;5.42;2.5;2.04;4.71;0.65;6.83;0.14;7.57;7.69;9.09;6.25;4.79;1.47;2
71;3;9.41;4.73;4.83;3.44;7.76;0.98;6.95;2.87;6.36;7.02;1.4;4.1;1.86;8.03;6.83;2
71;4;9.83;4.87;7.53;6.19;4.95;7.95;5.91;3.29;9.36;5.96;4.79;8.72;5.21;5.69;7.93;2
71;5;9.41;1.08;1.61;5.96;6.95;4.76;1.2;2.19;3.33;8.62;1.4;0.43;7.98;5.6;6.59;2
71;6;3.63;9.58;1.86;3.55;7.9;7.8;8.21;8.11;5.74;8.98;9.62;4.75;9.78;3.94;4.45;2
71;7;1.47;5.07;3.04;5.29;7.72;5.07;2.6;5.24;6.49;6.82;0.57;4.74;3.66;6.97;2.7;2
71;8;4.22;2.43;1.99;3.32;0.74;9.8;4.49;1.63;3.64;0.16;9.34;0.92;2.71;1.71;0.98;2
71;9;5.54;9.44;5.46;1.74;7.16;7.58;9.43;9.18;3.45;0.38;8.8;9.58;6.23;5.2;9.63;2
71;10;3.92;6.93;9.15;1.06;2.39;3.32;0.54;9.49;4.07;1.58;1.63;0.58;3.23;0.46;8.88;2
72;1;4.13;3.56;1.86;1.72;2.63;0.46;9.71;8.08;0.57;2.13;0.39;1.92;0.68;0.35;7.18;2
72;2;9.15;9.67;0.73;8.06;0.93;1.26;9.48;8.73;1.33;9.95;0.97;9.31;9.23;1.96;7.31;2
72;3;6.72;6.41;4.43;2.95;3.72;1.04;9.97;3.77;3.96;0.89;4.29;0.75;0.35;1.91;3.87;2
72;4;5.59;0.12;4.75;6.91;2.84;5.38;4.82;6.54;8.18;5.6;0.16;4.46;6.72;8.73;6.98;2
72;5;4.15;1.28;4.75;9.44;6.2;8.04;4.16;4.88;2.77;9.9;9.41;9.11;7.0;4.87;5.63;2
72;6;0.83;3.95;7.03;4.07;4.94;5.2;1.41;3.38;4.34;9.34;7.27;4.78;8.07;2.33;2.55;2
72;7;7.94;9.22;7.76;4.18;9.67;4.76;9.88;9.07;0.3;6.43;0.62;6.58;1.45;3.3;6.19;2
72;8;9.49;0.31;2.31;1.07;2.68;4.98;5.11;5.71;9.82;4.16;2.83;3.39;9.18;2.05;1.36;2
72;9;3.18;5.18;6.27;5.11;8.58;1.02;1.45;4.21;6.13;5.24;9.74;4.59;2.75;1.16;0.7;2
72;10;1.79;9.83;6.36;7.03;6.01;3.19;5.45;2.54;0.35;5.84;8.62;5.43;3.12;2.96;4.77;2
73;1;5.44;5.66;6.32;9.35;6.45;2.3;2.08;7.73;3.91;6.54;0.22;8.42;6.6;2.02;9.05;3
73;2;5.05;6.79;6.11;6.19;2.75;0.48;6.63;3.0;4.07;6.86;7.57;2.66;1.59;3.14;8.44;3
73;3;0.21;4.94;3.77;3.48;3.97;0.6;8.56;4.98;4.38;5.66;0.93;1.0;3.74;7.37;8.53;3
73;4;3.75;8.51;8.07;5.61;8.96;4.21;6.96;9.26;7.75;0.23;1.19;3.77;5.07;2.73;7.6;3
73;5;9.13;2.92;5.7;0.84;7.22;3.51;5.37;1.98;0.41;8.8;2.74;3.7;3.16;7.56;0.63;3
73;6;7.88;4.07;6.42;4.65;2.68;9.86;3.0;6.16;1.66;0.51;9.88;0.09;4.6;0.02;3.73;3
73;7;7.77;1.58;1.9;1.17;0.97;8.48;0.14;6.61;4.24;0.39;0.6;4.95;3.66;1.65;0.59;3
73;8;3.54;6.53;5.86;4.98;1.45;7.14;6.68;8.66;2.79;5.42;4.5;1.35;8.86;9.58;1.06;3
73;9;9.03;2.96;1.62;4.59;3.17;8.68;6.21;4.99;3.73;5.25;5.84;9.66;9.5;9.43;2.41;3
73;10;6.08;4.62;7.42;1.74;1.75;3.67;8.68;9.61;1.92;8.67;7.64;6.81;0.75;1.23;9.14;3
74;1;8.93;1.72;8.09;6.15;8.8;2.28;9.67;5.75;9.72;9.08;5.16;4.37;8.77;0.65;7.87;3
74;2;3.33;9.45;2.08;1.77;5.49;8.99;5.54;0.29;9.78;5.66;3.18;9.92;5.83;7.75;4.79;3
74;3;0.7;0.97;3.45;8.18;4.55;8.04;6.7;2.46;5.18;2.3;4.72;6.21;5.0;9.55;1.84;3
74;4;3.68;6.53;1.47;1.05;8.57;9.95;4.59;7.04;9.26;1.33;1.55;0.72;5.09;2.38;4.99;3
74;5;5.47;6.53;5.55;4.72;6.11;0.73;9.86;7.49;0.97;0.4;3.69;7.26;0.52;0.21;0.84;3
74;6;4.8;4.92;5.58;4.05;3.64;3.47;6.79;7.25;2.79;3.97;1.24;2.63;7.06;6.51;9.13;3
74;7;5.42;9.44;9.54;0.65;8.08;0.66;3.72;0.58;8.15;1.77;0.81;5.73;3.74;0.59;1.68;3
74;8;7.93;7.02;2.75;5.36;1.95;3.08;7.91;8.09;1.79;6.98;1.03;4.5;3.59;1.24;6.96;3
74;9;0.31;3.2;7.92;1.09;6.14;8.46;0.17;5.93;2.49;3.91;0.87;0.79;8.98;2.5;5.33;3
74;10;9.2;9.58;8.69;6.82;9.13;4.77;3.19;9.48;5.31;8.46;8.35;7.56;5.2;0.96;2.2;3
75;1;3.4;8.39;0.21;5.64;3.96;5.38;5.56;3.96;1.3;2.75;7.79;6.86;4.47;7.36;1.48;2
75;2;4.45;8.57;3.68;5.0;2.15;9.46;5.47;2.02;5.72;3.37;6.43;9.27;1.82;7.02;0.33;2
75;3;7.74;2.69;2.22;4.61;4.45;1.83;5.4;0.96;5.46;3.64;4.76;0.2;7.72;5.49;1.92;2
75;4;8.59;5.19;1.38;9.1;3.81;5.93;4.62;1.86;8.15;6.98;0.87;4.02;3.38;3.61;8.73;2
75;5;8.8;5.46;6.63;5.85;5.26;4.06;5.58;7.42;7.75;2.95;6.78;1.86;9.32;4.75;7.8;2
75;6;1.19;4.7;4.32;8.17;2.58;5.83;4.06;1.26;5.3;0.97;8.29;4.3;9.08;9.91;9.34;2
75;7;1.25;9.88;7.98;3.04;5.12;9.29;3.07;9.71;8.42;1.75;5.44;0.91;3.23;1.0;5.86;2
75;8;5.52;2.67;9.55;9.7;4.65;8.25;2.65;3.4;3.79;2.97;7.24;0.65;0.16;3.95;7.84;2
75;9;9.84;6.76;0.38;7.53;0.03;8.07;2.18;7.28;4.68;2.66;7.43;7.32;6.09;6.46;8.22;2
75;10;4.74;7.26;7.92;2.48;6.66;0.96;1.55;1.84;2.77;2.26;5.22;8.47;6.84;9.18;4.07;2
76;1;8.43;5.6;1.71;1.27;1.9;5.21;7.84;7.45;3.59;4.72;9.58;1.38;5.89;1.42;5.33;2
76;2;4.68;4.12;4.81;8.69;8.51;7.26;4.28;1.21;1.24;7.93;3.04;5.23;0.73;3.95;4.88;2
76;3;3.34;7.59;4.04;0.22;3.64;7.23;2.61;6.54;6.37;9.68;2.15;2.66;7.56;2.41;0.19;2
76;4;0.68;7.37;3.88;5.13;3.92;0.45;4.79;1.18;3.98;4.52;8.6;5.97;6.56;4.22;8.96;2
76;5;5.7;5.64;8.04;4.9;1.25;9.57;3.81;6.9;2.43;9.55;0.11;6.44;0.61;8.4;9.64;2
76;6;1.71;6.68;4.22;0.45;0.14;7.47;4.27;5.0;8.47;6.96;0.49;8.6;0.43;5.0;0.16;2
76;7;9.02;2.41;6.8;0.79;8.97;7.63;1.87;9.85;8.72;7.35;7.09;8.9;9.42;6.7;1.86;2
76;8;9.32;5.53;1.28;1.49;6.71;9.7;5.93;0.17;0.11;4.27;6.37;4.58;6.77;4.53;6.57;2
76;9;9.59;8.02;4.39;8.63;5.03;9.82;3.13;9.33;0.29;9.84;3.38;3.6;1.65;4.18;2.62;2
76;10;1.4;2.36;9.01;3.19;8.54;3.25;7.17;6.75;4.38;5.97;7.21;4.17;5.47;8.9;9.2;2
77;1;4.93;4.45;7.57;3.57;2.8;6.31;1.95;2.18;2.53;3.99;0.93;1.08;8.71;7.98;2.64;2
77;2;8.85;1.47;9.23;5.67;2.11;1.31;1.89;1.58;9.33;8.68;5.84;0.76;7.57;4.24;3.64;2
77;3;2.26;5.93;5.91;5.07;0.31;0.71;7.87;8.25;6.24;2.59;6.7;4.17;7.57;7.83;6.43;2
77;4;0.38;5.22;4.12;9.69;5.64;7.52;0.6;3.23;3.36;8.36;3.74;8.52;2.38;7.83;9.33;2
77;5;0.85;10.0;2.13;9.24;2.6;0.42;3.8;0.9;9.03;2.7;8.29;7.7;9.93;3.92;0.5;2
77;6;1.75;5.96;0.87;9.71;9.19;7.66;5.89;5.86;3.62;5.05;8.95;5.63;0.85;6.87;6.93;2
77;7;9.68;7.48;3.28;3.81;9.44;4.58;1.26;8.7;5.51;0.46;4.09;1.8;1.39;5.45;7.02;2
77;8;3.7;5.34;8.66;1.73;7.36;3.83;4.03;5.0;8.3;3.47;8.47;2.4;9.12;8.8;6.42;2
77;9;6.04;3.22;1.45;6.97;6.96;5.05;5.34;0.45;6.22;8.28;5.37;4.14;4.95;5.22;0.2;2
77;10;9.37;6.49;8.18;6.43;2.09;0.26;2.74;0.06;9.11;8.92;8.19;4.83;1.71;7.24;0.35;2
78;1;9.48;4.94;7.68;0.49;7.99;8.4;0.15;9.06;2.64;1.85;1.97;3.65;6.98;0.3;4.25;3
78;2;1.26;6.42;3.97;3.45;1.94;8.35;3.96;4.13;5.55;8.36;6.59;4.26;7.12;8.87;7.28;3
78;3;4.87;9.11;5.24;8.95;3.79;0.05;8.34;6.87;8.39;2.41;3.72;0.55;2.54;2.68;8.94;3
78;4;3.28;9.57;7.95;2.99;1.53;7.48;7.54;3.67;9.38;1.42;9.34;4.88;0.26;6.31;3.3;3
78;5;4.68;9.68;6.0;9.79;0.38;8.62;3.27;2.33;1.23;0.77;8.03;0.73;2.69;9.69;6.59;3
78;6;3.34;9.98;1.9;0.39;3.53;8.68;4.73;3.76;8.86;3.48;1.11;0.58;9.67;5.26;3.62;3
78;7;4.7;2.06;3.72;3.98;4.52;7.16;5.28;9.52;6.2;0.84;5.03;9.32;9.49;6.08;4.25;3
78;8;6.68;1.16;3.71;0.33;7.59;0.33;7.68;9.74;1.85;0.26;5.58;6.11;1.47;9.7;8.77;3
78;9;8.55;0.38;9.37;7.92;4.15;7.08;0.1;9.78;1.02;7.99;5.62;6.16;0.83;0.25;8.79;3
78;10;3.76;7.9;8.65;0.03;7.61;3.35;6.23;9.19;3.65;9.53;4.87;0.1;0.39;4.21;0.63;3
79;1;3.96;2.46;2.97;2.61;1.95;3.97;3.72;3.98;1.29;7.91;6.42;9.64;2.01;3.37;4.55;2
79;2;5.24;2.43;4.87;7.88;0.62;7.0;0.15;8.54;3.54;5.61;2.77;7.91;4.26;6.64;0.93;2
79;3;3.27;8.51;1.57;4.64;9.12;2.42;1.27;2.34;8.21;5.9;2.84;6.87;6.03;6.74;0.18;2
79;4;5.97;7.15;1.25;8.16;4.41;2.52;3.36;4.51;1.97;7.38;0.33;4.58;4.29;3.44;7.53;2
79;5;6.63;5.92;1.91;1.79;7.0;7.85;8.08;2.98;6.62;2.89;2.79;4.28;5.11;8.35;9.6;2
79;6;3.15;0.52;5.79;1.06;6.73;7.86;3.39;3.49;5.42;0.59;6.87;8.28;4.67;6.83;0.98;2
79;7;5.72;9.5;1.67;2.22;8.78;8.77;6.38;6.88;5.89;1.37;7.31;0.08;6.22;2.95;3.72;2
79;8;7.57;7.89;7.9;9.34;8.29;0.18;7.32;4.05;3.46;9.49;5.55;0.18;6.03;0.2;0.95;2
79;9;0.72;4.2;4.77;3.56;8.88;5.88;7.08;5.49;5.73;5.81;3.13;6.53;1.4;6.76;2.32;2
79;10;8.98;4.12;2.88;6.07;8.29;2.73;5.59;4.09;4.87;4.78;3.23;9.6;5.25;4.14;1.4;2
80;1;5.58;0.08;7.83;1.33;1.06;1.08;8.58;4.17;4.81;5.0;5.36;7.93;5.55;2.49;2.49;2
80;2;2.59;2.91;3.89;6.63;9.31;0.89;9.18;5.26;8.46;9.23;2.3;0.36;2.69;2.74;2.03;2
80;3;8.02;8.33;4.9;0.97;5.43;8.89;7.94;6.93;6.73;1.51;3.88;9.14;1.17;8.39;4.79;2
80;4;8.62;4.73;1.37;4.06;8.05;0.45;1.72;4.1;1.88;4.27;5.86;5.1;7.81;0.52;2.03;2
80;5;5.51;4.34;5.28;6.88;6.9;6.09;7.34;3.88;3.88;7.55;8.21;1.63;1.96;6.58;2.17;2
80;6;7.05;6.11;6.68;7.76;1.79;3.53;9.85;8.23;5.15;0.72;5.59;9.24;5.06;2.37;7.03;2
80;7;1.21;0.83;9.95;0.03;6.81;9.44;3.07;0.01;6.94;3.06;1.53;8.23;0.33;2.77;1.3;2
80;8;1.53;7.45;2.22;0.42;3.07;3.84;3.13;2.77;8.57;8.32;7.82;5.35;3.53;4.72;0.23;2
80;9;7.11;7.94;5.26;1.75;1.34;7.13;7.49;8.27;3.8;8.08;1.01;6.5;2.85;8.63;7.78;2
80;10;4.32;4.39;1.67;9.44;6.13;0.65;6.32;8.31;0.07;6.7;2.81;6.35;1.37;9.42;7.21;2
81;1;4.44;5.15;1.92;3.92;7.88;0.67;9.46;7.46;6.43;1.79;1.08;2.57;4.99;6.11;1.0;3
81;2;9.17;1.69;3.7;1.74;8.45;1.55;8.09;9.66;6.16;6.26;9.91;3.66;2.37;4.74;7.66;3
81;3;2.58;1.75;0.16;0.12;0.25;2.33;3.24;1.97;4.11;1.49;3.48;5.76;6.05;4.7;8.42;3
81;4;6.84;9.72;6.11;8.53;4.38;6.26;7.24;7.89;2.15;5.44;9.92;8.44;9.66;1.77;7.52;3
81;5;2.37;5.43;0.23;9.08;0.64;1.72;7.66;2.71;1.69;1.8;1.34;4.24;8.26;5.06;7.89;3
81;6;7.72;5.7;1.13;2.47;7.14;7.93;7.39;0.08;2.38;1.21;4.4;8.97;9.82;9.92;6.51;3
81;7;4.03;8.5;2.94;3.46;1.97;2.01;0.58;1.75;7.11;7.28;5.75;0.84;5.72;4.23;1.78;3
81;8;7.32;5.5;9.42;9.64;2.83;3.81;2.72;0.61;4.22;3.54;1.25;2.13;6.24;7.78;2.78;3
81;9;7.37;5.88;3.02;4.1;8.53;7.32;4.83;7.62;2.39;7.56;0.4;8.34;7.78;0.73;0.4;3
81;10;9.1;8.66;8.91;3.17;9.36;3.29;3.25;9.15;9.8;0.46;6.68;7.06;8.13;9.33;2.02;3
82;1;7.24;3.96;3.81;9.44;1.38;0.48;2.43;3.3;4.12;3.82;1.41;6.98;8.24;9.28;8.06;1
82;2;6.37;7.89;1.15;9.18;5.97;2.88;8.94;9.48;2.44;2.53;5.26;9.37;6.15;7.06;1.27;1
82;3;0.35;7.36;5.78;6.46;2.52;9.75;4.46;0.17;1.64;5.19;5.86;3.67;6.98;7.44;0.09;1
82;4;5.9;9.78;2.42;3.37;7.91;9.69;3.18;6.84;0.68;1.51;8.62;9.42;4.56;9.71;3.89;1
82;5;6.4;2.27;4.81;5.8;7.76;2.26;2.1;7.81;8.18;5.2;0.26;0.6;9.07;9.07;3.33;1
82;6;3.97;2.88;0.47;2.67;7.35;7.63;5.29;4.27;2.14;2.59;4.3;3.95;9.56;6.56;9.84;1
82;7;1.07;6.53;3.0;7.97;2.85;0.93;2.69;4.88;8.45;1.87;1.79;9.55;9.83;8.58;2.92;1
82;8;8.43;4.17;1.18;7.57;9.78;1.87;1.82;8.91;3.75;2.17;2.44;7.51;9.76;9.7;5.93;1
82;9;7.77;2.7;8.09;5.93;6.95;5.45;9.03;4.06;4.42;2.12;8.45;3.42;4.44;8.99;9.05;1
82;10;6.69;1.52;4.47;2.92;1.66;3.69;2.06;9.61;2.0;2.51;0.01;2.11;7.54;5.13;9.97;1
83;1;7.42;6.52;5.41;9.46;6.66;6.63;2.14;6.27;7.73;4.81;6.45;3.41;0.98;6.8;4.18;2
83;2;5.97;1.74;5.87;9.5;3.08;0.84;2.17;0.31;0.53;3.94;9.95;4.69;1.6;4.29;5.98;2
83;3;0.48;5.47;8.81;1.63;5.42;7.26;4.58;8.49;7.0;1.32;1.18;1.86;3.68;3.07;2.55;2
83;4;8.66;0.7;5.76;6.63;9.34;8.41;1.63;9.29;0.59;8.39;7.64;1.68;0.96;5.99;9.67;2
83;5;3.7;3.8;9.81;6.83;0.42;2.7;9.63;0.92;7.95;5.57;6.98;6.33;1.76;8.98;8.69;2
83;6;3.86;8.41;5.22;2.28;7.4;4.95;5.88;1.52;1.67;2.16;4.17;0.93;5.97;4.11;6.11;2
83;7;1.48;9.82;4.18;5.1;1.81;7.56;6.65;3.52;6.45;4.99;7.65;1.7;1.88;2.16;9.77;2
83;8;2.33;3.28;2.72;8.24;4.49;3.56;9.99;0.21;5.09;7.6;0.44;5.37;4.99;4.01;3.49;2
83;9;8.17;1.24;7.96;5.16;8.2;7.83;5.87;4.11;6.27;8.85;2.5;9.38;6.56;3.75;1.33;2
83;10;2.57;6.38;4.79;6.81;2.4;3.26;4.65;7.2;5.81;1.87;7.99;2.11;2.69;2.83;8.56;2
84;1;0.93;3.49;5.01;5.56;8.69;3.46;4.03;9.94;3.47;8.04;7.49;7.87;7.06;5.1;7.77;3
84;2;2.5;8.79;8.45;3.45;1.8;5.32;2.81;3.69;1.39;5.11;2.03;2.04;0.72;1.12;6.45;3
84;3;5.32;4.53;6.23;1.33;4.21;3.1;1.69;0.71;4.94;3.67;6.83;0.18;3.67;4.67;8.58;3
84;4;4.52;9.94;4.33;8.57;3.5;3.83;5.28;1.63;1.99;9.37;2.66;8.53;4.06;4.34;2.77;3
84;5;8.13;2.25;8.29;1.18;6.63;2.32;2.74;7.43;1.86;7.91;5.58;7.93;0.48;4.17;0.8;3
84;6;2.68;7.81;7.71;8.58;5.35;4.5;9.59;4.45;8.42;7.99;6.43;7.07;2.03;2.66;6.43;3
84;7;8.73;7.16;0.17;3.89;5.14;8.05;6.81;2.03;9.42;7.4;8.54;7.57;7.47;0.39;3.44;3
84;8;3.61;0.84;2.69;4.0;4.53;9.39;8.62;9.25;6.92;0.32;5.13;8.89;6.75;7.7;1.51;3
84;9;4.5;4.16;8.4;9.22;0.24;3.04;3.89;1.37;8.0;9.74;9.39;1.84;3.1;0.91;4.09;3
84;10;0.48;2.03;2.59;5.63;7.24;6.04;7.11;8.54;9.76;1.17;3.68;1.81;5.93;4.24;6.95;3
85;1;6.59;5.95;8.76;2.58;8.24;9.1;3.69;8.65;0.59;6.78;9.21;2.48;1.87;8.3;1.75;3
85;2;4.77;8.55;0.17;8.35;3.54;8.14;4.98;5.4;8.67;4.38;6.29;7.04;4.82;2.78;3.08;3
85;3;8.04;3.19;8.84;2.6;9.67;7.28;8.63;6.53;5.05;0.97;1.83;4.88;9.47;9.99;9.12;3
85;4;3.47;9.45;8.05;7.34;4.68;6.35;8.89;6.88;4.11;5.55;3.19;4.68;0.29;0.93;3.37;3
85;5;3.31;5.23;6.81;5.57;7.62;4.63;8.05;7.95;6.28;7.53;9.79;2.47;1.39;0.2;6.6;3
85;6;0.48;4.97;9.22;4.59;1.41;0.59;5.9;9.66;4.22;8.4;0.01;8.85;7.58;1.49;3.11;3
85;7;4.11;0.95;3.99;3.83;7.1;0.99;3.59;0.37;5.96;1.75;1.08;9.56;1.83;9.86;3.95;3
85;8;5.29;6.12;4.82;5.77;4.63;3.0;7.61;9.19;8.86;0.12;2.4;5.06;1.44;6.31;4.01;3
85;9;1.65;1.17;1.59;2.32;8.86;8.23;7.21;1.17;7.43;8.8;3.56;9.68;8.92;7.95;1.55;3
85;10;8.45;8.2;8.9;5.54;4.04;5.84;8.02;3.04;1.37;4.36;9.71;3.62;5.7;1.76;7.67;3
86;1;2.74;5.09;2.2;6.91;1.77;8.33;7.19;6.01;5.08;4.32;8.51;2.57;6.11;7.59;3.57;3
86;2;8.05;7.69;9.68;0.13;6.24;1.1;1.37;3.14;4.68;9.33;0.72;6.16;8.25;5.09;5.43;3
86;3;7.4;6.68;1.46;4.68;2.34;5.19;2.83;7.88;5.86;7.37;3.36;2.3;9.66;4.25;8.12;3
86;4;9.97;3.13;2.38;4.9;6.08;6.69;5.26;8.7;2.26;3.5;5.65;6.02;5.94;5.77;5.3;3
86;5;7.53;4.07;9.21;8.23;2.59;8.97;2.51;3.0;6.2;8.86;3.31;9.13;7.17;1.34;9.81;3
86;6;6.37;9.44;3.53;9.64;8.7;3.57;8.84;4.07;4.32;7.21;0.69;4.19;8.05;6.21;0.89;3
86;7;2.06;1.63;4.77;8.7;9.32;9.76;8.03;1.97;4.2;3.24;0.42;9.18;4.61;6.89;2.83;3
86;8;2.49;3.62;4.44;8.31;5.73;2.41;3.95;7.61;3.7;0.32;1.09;3.62;0.76;6.94;9.05;3
86;9;7.03;9.64;0.67;2.42;6.93;7.32;1.08;2.53;6.29;6.84;1.99;6.63;0.21;7.7;1.43;3
86;10;0.84;8.38;1.51;0.8;9.26;6.24;6.17;7.2;3.09;1.2;9.72;1.93;2.83;1.76;7.38;3
87;1;4.93;1.61;6.99;2.6;2.36;7.06;0.37;3.01;3.19;3.74;2.78;3.13;0.34;1.26;7.82;1
87;2;3.16;6.6;9.15;2.07;8.24;6.21;7.06;8.71;3.35;5.57;9.48;8.3;8.76;0.9;2.59;1
87;3;5.54;2.39;7.78;0.39;9.48;9.41;6.61;5.33;2.84;7.39;0.8;5.26;9.68;9.54;6.64;1
87;4;7.23;6.71;5.36;6.35;7.04;2.94;0.51;2.22;3.33;3.78;9.76;1.75;2.45;7.38;2.92;1
87;5;1.28;1.82;4.76;6.62;0.77;8.4;0.9;4.83;3.21;1.94;7.19;4.79;9.21;1.57;9.92;1
87;6;9.46;4.08;8.56;1.17;8.61;0.05;5.23;2.45;9.09;5.47;3.95;4.27;4.37;6.98;0.26;1
87;7;5.95;6.78;8.32;9.82;4.03;1.87;8.85;4.56;6.67;9.47;5.85;8.72;8.73;8.19;3.37;1
87;8;2.65;7.9;1.38;9.81;6.8;5.69;7.94;5.74;5.56;4.56;5.33;1.49;6.84;0.86;3.13;1
87;9;4.42;3.43;8.61;2.82;5.04;1.39;1.85;3.94;5.52;6.46;3.89;9.97;5.61;6.49;4.6;1
87;10;9.24;2.71;1.39;2.93;3.12;1.76;3.5;9.47;4.24;7.43;6.19;7.33;3.05;1.18;7.61;1
88;1;8.53;8.38;3.22;4.3;5.68;2.67;9.16;3.02;5.36;8.9;3.18;8.34;4.12;0.58;5.22;3
88;2;1.12;6.71;5.28;1.95;1.89;0.34;1.57;2.22;1.55;8.88;3.32;8.86;6.91;0.4;7.99;3
88;3;6.01;2.27;2.35;6.41;7.21;2.49;9.52;9.44;6.31;0.69;4.65;6.4;7.73;0.69;3.83;3
88;4;2.38;7.49;8.79;3.99;9.42;4.81;3.54;6.49;8.12;3.43;6.15;0.38;4.59;7.65;0.14;3
88;5;7.33;1.28;8.23;8.45;6.91;4.46;5.49;6.81;6.94;7.56;7.82;2.43;7.54;1.29;4.51;3
88;6;2.81;8.38;2.13;8.84;9.34;3.88;5.55;6.53;2.93;9.39;7.11;3.83;6.28;6.45;6.86;3
88;7;2.32;3.77;5.35;0.38;6.12;7.47;2.94;3.34;5.87;4.61;2.15;8.23;2.17;1.97;8.82;3
88;8;5.54;4.48;5.16;9.48;5.23;2.16;7.4;4.01;3.59;9.82;9.85;7.02;6.74;8.32;0.26;3
88;9;1.25;4.81;3.14;6.19;2.97;4.48;0.76;9.38;5.42;9.53;3.55;7.65;5.63;4.62;6.22;3
88;10;5.4;1.27;0.94;7.85;0.89;3.67;7.07;5.38;5.66;3.07;9.9;1.59;7.71;0.62;0.31;3
89;1;5.57;0.49;6.45;8.06;1.95;3.04;4.71;2.31;3.22;4.61;6.87;6.38;1.02;0.26;5.74;1
89;2;3.39;8.83;4.12;2.06;2.47;2.17;4.54;7.72;9.13;4.8;9.3;2.17;2.79;7.72;5.45;1
89;3;1.27;9.92;4.87;5.46;6.64;1.44;2.5;1.77;9.94;3.94;7.47;9.34;1.73;4.23;0.7;1
89;4;2.37;5.47;1.05;0.74;5.6;3.13;9.95;5.99;6.68;1.94;5.23;7.31;4.63;0.52;3.91;1
89;5;2.18;2.49;4.17;6.54;5.08;7.93;7.64;0.82;8.82;5.31;0.67;9.55;4.31;4.98;0.17;1
89;6;8.65;8.04;8.97;2.69;0.95;6.26;1.7;5.97;9.85;2.33;5.82;7.75;6.39;7.26;1.22;1
89;7;7.25;1.36;0.9;3.04;1.69;7.45;8.42;0.04;4.42;4.72;6.41;6.28;5.07;2.98;9.03;1
89;8;6.23;7.78;4.45;4.71;0.41;0.68;7.51;6.3;1.29;7.04;4.07;3.83;2.48;1.05;9.93;1
89;9;7.36;3.08;4.97;5.31;3.72;2.06;9.26;4.69;7.55;5.47;1.71;8.16;7.85;9.07;6.1;1
89;10;7.77;1.64;2.55;3.39;8.47;5.22;4.58;7.51;2.31;0.7;3.4;7.58;1.38;1.35;4.6;1
90;1;6.86;5.21;3.44;9.65;6.79;1.2;1.6;9.92;9.41;6.93;3.69;7.44;1.89;9.42;5.14;2
90;2;6.16;4.07;2.15;4.61;6.23;1.87;7.87;7.61;6.77;8.43;9.75;8.42;2.0;8.91;8.09;2
90;3;2.17;5.51;9.41;1.01;9.03;4.1;9.67;2.7;9.06;9.63;0.49;0.22;2.14;2.41;6.59;2
90;4;6.34;4.83;1.96;0.17;7.83;4.91;5.01;3.86;8.36;7.28;0.84;2.4;3.49;0.91;1.66;2
90;5;0.72;3.4;5.42;9.88;2.34;7.62;6.59;7.17;4.42;7.85;9.24;8.89;9.13;9.92;2.46;2
90;6;7.91;9.67;8.12;9.89;9.72;5.89;4.42;3.93;0.41;0.64;7.65;1.68;4.61;6.3;1.99;2
90;7;0.09;5.84;8.06;5.27;1.01;6.98;6.6;2.4;1.07;7.8;8.99;3.36;0.68;8.05;3.31;2
90;8;7.81;7.17;0.78;8.02;0.14;1.19;9.42;2.85;0.08;0.47;3.91;1.79;4.74;1.18;7.26;2
90;9;4.98;9.49;3.83;4.62;5.32;8.51;4.93;9.97;4.09;6.37;7.83;9.43;3.42;8.36;7.73;2
90;10;1.96;2.98;9.72;6.93;9.19;3.91;9.0;2.88;4.99;1.63;5.27;9.63;6.45;7.27;6.12;2
91;1;9.49;6.53;0.04;9.95;7.64;9.65;5.7;5.72;2.75;8.9;4.17;7.38;6.19;3.58;8.98;2
91;2;9.01;8.98;5.23;0.79;2.75;0.66;5.87;6.57;3.71;9.78;8.26;3.87;7.49;0.74;0.16;2
91;3;6.35;2.99;2.83;5.81;3.37;6.67;4.8;6.22;1.46;5.82;7.58;2.65;6.89;1.56;6.96;2
91;4;4.79;4.74;5.83;5.4;5.2;2.66;2.51;1.3;5.87;7.42;7.52;9.02;0.03;7.28;4.61;2
91;5;8.24;2.51;1.85;7.8;9.36;8.16;6.8;9.71;1.62;9.05;4.09;9.53;8.4;6.08;6.77;2
91;6;1.23;8.6;3.7;5.17;6.82;8.59;6.99;1.35;1.16;0.44;9.74;9.94;2.94;6.09;4.41;2
91;7;6.31;1.38;4.49;5.23;0.49;8.14;2.13;0.67;0.51;1.04;1.23;0.02;1.53;1.34;6.8;2
91;8;8.39;3.18;9.58;2.15;0.67;9.66;0.16;5.39;3.27;2.76;6.52;4.82;5.07;2.56;8.19;2
91;9;1.05;3.82;3.37;2.75;2.56;4.65;7.93;1.5;2.72;3.77;3.52;5.26;5.8;1.63;0.36;2
91;10;3.26;3.65;1.9;6.17;8.75;9.94;3.27;9.61;0.43;0.39;9.7;5.41;2.23;8.86;0.29;2
92;1;6.61;0.95;9.19;6.59;4.99;0.55;1.79;5.54;6.28;9.54;2.85;7.87;3.53;4.77;1.87;2
92;2;3.87;4.5;5.09;3.36;3.11;2.63;0.93;0.18;4.72;6.94;7.3;6.02;7.86;2.02;8.49;2
92;3;5.35;8.09;6.65;2.62;2.47;2.5;9.71;6.69;4.99;7.59;9.35;3.52;2.35;5.45;2.26;2
92;4;0.16;5.15;5.35;2.53;7.85;8.8;9.31;8.75;4.65;9.23;0.06;0.37;3.07;1.07;6.28;2
92;5;8.22;5.85;6.84;4.02;9.36;4.36;0.57;7.21;8.69;0.51;3.12;2.58;2.64;7.93;8.15;2
92;6;5.18;8.51;3.0;6.66;2.34;2.05;6.08;2.31;4.4;1.11;4.21;1.38;6.5;0.03;3.04;2
92;7;4.51;6.75;7.42;8.25;5.67;1.66;0.01;8.76;0.31;0.53;2.65;6.72;4.88;6.38;6.33;2
92;8;6.18;5.38;9.19;0.09;1.76;7.53;1.85;8.27;2.62;8.18;2.47;4.1;5.73;5.44;0.79;2
92;9;0.9;5.8;3.84;9.35;7.35;6.31;3.25;1.24;2.34;8.5;3.21;6.4;0.36;2.77;8.59;2
92;10;3.7;3.18;1.81;5.92;8.51;3.47;9.45;8.84;5.45;7.76;4.68;0.14;6.38;4.81;0.92;2
93;1;4.6;7.74;6.97;6.29;9.94;9.42;0.67;3.49;8.28;9.79;2.46;5.84;8.08;4.04;0.54;1
93;2;5.99;9.69;6.7;2.74;0.19;3.11;9.83;4.24;8.57;2.55;0.38;9.74;3.93;1.17;9.95;1
93;3;6.3;7.65;5.18;9.67;4.81;1.55;2.35;0.06;2.58;0.5;4.19;3.47;7.52;5.97;6.95;1
93;4;7.2;4.48;4.57;9.65;7.42;0.95;2.12;0.77;4.02;2.1;9.33;4.35;8.87;1.86;6.04;1
93;5;0.37;4.5;6.38;6.26;2.55;9.04;1.03;3.01;8.43;6.02;7.68;2.91;9.86;9.6;3.73;1
93;6;0.44;2.04;2.55;4.98;2.1;7.22;5.5;3.84;5.72;1.77;1.9;4.16;3.17;8.24;7.07;1
93;7;8.48;4.93;7.44;1.56;8.59;1.69;1.79;6.63;4.8;3.96;0.63;0.34;5.51;0.66;9.24;1
93;8;6.84;5.31;8.45;7.92;7.93;6.59;2.89;7.58;3.12;8.4;5.05;0.68;1.21;9.59;0.41;1
93;9;4.75;5.83;5.37;8.25;7.42;3.57;8.45;2.87;2.13;0.49;9.56;9.54;3.23;1.29;1.38;1
93;10;7.22;6.73;2.95;2.78;6.03;3.89;8.35;6.24;5.41;0.93;7.27;6.14;7.62;5.78;9.75;1
94;1;2.15;5.27;2.15;4.11;8.13;9.25;2.45;1.74;9.19;7.92;1.82;4.3;9.95;8.03;2.15;2
94;2;6.5;3.97;1.55;8.4;8.52;9.48;9.08;1.62;7.88;7.25;2.74;4.42;7.48;6.73;5.74;2
94;3;5.6;3.63;7.96;1.03;6.39;7.06;9.57;1.47;2.63;4.5;6.17;1.31;8.33;8.69;8.51;2
94;4;5.16;6.68;5.08;1.77;7.29;1.19;4.6;6.68;8.94;6.84;4.51;8.19;0.26;2.6;8.17;2
94;5;5.32;4.17;0.46;6.5;8.22;5.25;9.94;5.66;7.79;7.68;1.32;5.85;5.23;5.28;7.11;2
94;6;7.8;0.03;2.08;7.21;1.8;2.61;3.02;8.57;0.62;4.15;7.94;3.6;9.18;0.47;0.28;2
94;7;5.73;4.44;4.1;3.39;6.32;9.8;9.89;4.54;8.23;7.24;5.53;1.9;8.78;0.63;1.66;2
94;8;4.4;5.56;6.06;7.99;5.21;9.53;2.9;4.06;9.02;4.29;7.02;9.43;3.4;1.57;1.58;2
94;9;7.62;3.57;2.15;0.31;8.33;8.6;9.11;0.18;1.12;0.05;9.53;5.58;6.75;4.49;5.62;2
94;10;0.65;0.34;6.18;9.53;1.37;6.9;9.4;6.83;8.1;0.05;7.59;2.93;3.88;1.71;1.49;2
95;1;1.27;6.55;9.25;8.61;7.9;6.5;7.13;7.43;8.89;8.19;1.67;6.84;9.59;5.82;4.22;3
95;2;9.28;7.32;0.92;3.4;6.93;9.2;2.13;2.69;6.64;3.14;8.05;8.3;8.25;9.67;7.8;3
95;3;4.23;9.99;9.15;0.88;0.97;0.07;6.31;5.92;7.03;9.54;8.17;4.9;2.39;2.36;1.56;3
95;4;3.95;2.13;1.64;9.55;2.94;9.19;5.43;0.22;7.92;8.79;1.18;8.48;3.28;9.91;7.56;3
95;5;9.27;2.11;4.23;4.44;8.87;2.66;3.49;9.58;2.68;6.86;9.27;2.45;3.15;0.16;0.62;3
95;6;8.82;3.61;7.27;6.22;8.12;5.07;9.96;0.37;6.13;8.25;6.73;8.06;1.6;1.59;2.73;3
95;7;3.79;9.18;1.26;6.49;0.02;3.8;1.04;7.96;0.3;1.37;6.62;1.81;0.73;3.37;3.23;3
95;8;8.4;1.55;6.31;3.35;5.08;5.5;7.66;1.57;8.52;9.31;7.67;1.93;1.38;9.94;9.21;3
95;9;7.31;1.8;5.52;4.53;7.82;6.65;5.33;0.9;9.43;6.84;5.72;1.77;6.64;5.85;9.51;3
95;10;5.73;9.38;1.82;3.34;2.42;6.12;8.04;7.49;5.05;3.88;6.14;6.24;5.49;7.34;9.17;3
96;1;5.58;8.58;4.24;6.68;3.97;3.43;2.35;2.41;9.9;1.56;4.56;0.19;0.76;2.73;8.65;3
96;2;1.01;2.57;2.57;5.03;3.33;4.09;3.47;8.18;8.22;9.1;9.3;2.64;1.91;1.71;5.6;3
96;3;0.78;9.04;1.71;1.47;5.87;6.56;3.4;3.17;2.69;7.27;0.57;0.87;2.69;0.73;1.31;3
96;4;0.26;9.27;1.06;5.05;7.3;3.99;9.36;4.49;1.24;0.32;1.61;0.84;1.06;1.34;3.89;3
96;5;3.01;6.32;5.27;5.22;2.36;4.86;5.55;1.76;7.06;5.48;0.21;6.61;6.25;6.4;3.15;3
96;6;1.04;5.45;6.2;5.14;7.0;7.41;6.9;0.25;1.12;9.31;6.87;4.0;6.43;9.2;6.41;3
96;7;1.61;6.37;3.3;2.58;8.56;5.91;8.53;6.31;0.73;0.68;2.4;6.22;7.85;1.65;4.41;3
96;8;8.52;3.03;4.72;5.82;4.77;9.46;4.81;0.34;8.92;2.59;4.74;7.15;8.85;2.22;1.94;3
96;9;5.05;2.53;2.4;2.38;4.92;0.67;3.4;7.88;4.55;7.47;9.44;3.31;8.55;8.01;8.44;3
96;10;4.76;5.92;8.97;2.23;7.47;2.23;0.6;2.0;5.6;8.7;3.74;8.21;3.79;8.08;7.08;3
97;1;0.24;1.7;9.27;3.3;7.34;5.92;8.81;0.25;7.66;1.22;5.2;7.8;2.75;4.63;4.47;2
97;2;1.52;5.0;0.67;0.37;8.11;1.9;5.37;0.09;2.57;4.02;0.15;5.06;6.0;4.41;4.63;2
97;3;5.69;9.16;9.8;7.97;8.86;9.23;0.81;4.33;0.18;8.56;2.15;2.1;4.07;6.98;9.89;2
97;4;0.34;6.48;7.0;8.48;5.12;2.47;1.58;4.7;8.82;4.53;6.56;8.3;4.61;3.72;2.04;2
97;5;6.98;6.31;1.19;1.47;3.85;9.16;3.59;3.17;9.92;6.7;1.49;5.57;2.25;8.39;2.48;2
97;6;6.61;8.43;4.19;1.09;6.55;8.76;2.26;1.01;2.53;0.8;1.57;0.46;2.39;7.84;8.24;2
97;7;4.95;9.36;9.94;6.9;2.21;9.75;0.38;2.96;4.47;5.85;8.65;5.73;6.16;5.22;9.63;2
97;8;8.1;2.85;1.21;5.06;8.3;1.68;4.89;1.51;6.52;8.6;9.25;3.35;3.87;6.47;2.53;2
97;9;3.13;9.19;1.25;9.35;2.89;1.7;7.69;2.22;1.3;1.75;8.9;6.12;2.96;3.87;5.84;2
97;10;5.79;7.51;0.92;2.93;6.28;5.53;4.41;1.59;3.4;3.84;9.41;1.64;9.76;9.03;7.23;2
98;1;5.47;2.23;5.75;3.46;6.41;2.12;5.22;3.2;4.94;6.92;7.2;3.56;8.54;1.54;1.26;1
98;2;0.81;3.05;6.73;9.26;3.25;7.31;8.17;7.28;4.05;1.16;6.0;8.82;8.75;1.95;3.26;1
98;3;0.67;5.74;8.5;8.76;9.99;0.44;0.26;1.59;3.07;4.91;1.66;7.78;3.02;3.69;1.16;1
98;4;2.08;6.22;6.31;0.12;5.66;4.78;0.26;6.84;6.95;5.79;0.51;7.7;7.55;1.62;9.22;1
98;5;0.73;0.3;0.63;9.79;8.82;3.44;8.96;8.59;5.55;8.68;3.39;1.06;5.73;2.82;3.01;1
98;6;5.03;5.24;0.2;0.52;6.66;9.65;8.63;3.82;0.02;7.73;6.15;7.02;3.98;6.33;1.11;1
98;7;5.61;7.28;2.54;0.06;1.59;1.38;9.18;1.63;2.22;7.49;9.17;9.15;5.81;4.05;8.2;1
98;8;4.89;2.22;6.08;3.88;4.85;4.15;3.5;8.58;9.69;3.06;4.42;5.63;1.74;5.59;1.26;1
98;9;6.85;0.54;1.75;5.76;8.13;6.53;0.19;6.96;3.86;1.74;7.73;5.0;5.71;2.05;3.81;1
98;10;6.26;0.99;4.24;7.56;0.73;6.59;5.38;1.44;4.08;7.49;9.63;8.78;7.01;4.23;2.56;1
99;1;6.42;4.61;9.45;5.6;3.29;0.06;6.05;4.25;8.82;4.61;9.88;6.72;2.75;5.91;0.67;1
99;2;6.68;1.88;2.26;8.51;5.59;9.75;5.09;0.38;0.94;4.54;8.92;1.37;4.09;7.97;9.73;1
99;3;4.41;4.13;7.52;7.16;1.19;9.22;0.32;8.88;8.71;1.63;5.31;6.61;9.33;0.03;9.83;1
99;4;7.67;0.98;9.47;6.94;9.21;9.98;8.09;5.67;9.29;8.06;6.17;3.52;7.88;3.98;2.87;1
99;5;5.83;1.72;8.38;3.02;1.58;7.82;7.69;8.59;9.12;4.12;1.87;6.5;7.19;5.24;0.74;1
99;6;6.5;7.05;7.87;1.55;4.32;1.43;6.09;8.65;5.65;4.06;8.86;9.57;8.96;4.49;5.36;1
99;7;4.3;1.95;5.25;1.44;2.35;2.12;6.12;7.95;3.96;1.82;5.7;0.72;0.62;4.08;0.84;1
99;8;6.43;2.63;1.14;7.44;5.04;9.89;4.62;1.4;2.06;7.07;6.45;9.2;8.09;9.53;0.58;1
99;9;1.42;8.59;8.33;7.48;8.06;2.44;6.4;5.59;2.62;5.66;5.92;4.94;6.69;6.31;7.56;1
99;10;2.52;8.04;5.09;7.31;7.53;4.58;6.81;4.92;1.74;3.46;0.76;2.04;0.9;3.09;8.17;1
100;1;6.64;6.55;7.14;3.54;5.65;2.77;9.03;4.36;3.38;4.98;9.77;3.42;2.63;3.96;2.61;3
100;2;0.73;1.52;3.98;9.19;1.12;4.87;7.88;6.2;1.5;1.64;6.75;5.36;1.13;4.55;6.13;3
100;3;0.78;4.41;8.63;3.32;0.87;3.18;3.7;3.1;0.43;8.92;6.84;4.36;3.43;2.57;9.87;3
100;4;5.27;5.32;0.64;4.36;3.17;4.99;2.21;0.92;3.43;6.5;0.61;4.22;8.42;2.0;2.99;3
100;5;7.96;7.02;8.13;3.7;5.22;2.06;1.07;2.64;6.36;0.75;9.24;8.26;8.94;0.75;9.92;3
100;6;3.13;2.58;8.11;4.88;6.98;8.82;6.65;6.34;0.7;2.82;4.44;9.24;4.65;2.72;0.23;3
100;7;0.36;7.22;1.13;9.59;2.98;4.21;3.64;4.74;8.2;1.68;7.39;9.83;1.76;3.17;8.27;3
100;8;9.94;1.47;8.78;2.23;1.49;3.31;1.74;2.65;2.8;8.63;1.14;6.98;4.74;9.28;0.81;3
100;9;3.3;3.63;9.06;9.92;6.6;7.36;0.73;9.49;6.12;6.43;9.49;1.21;5.29;2.84;6.71;3
100;10;4.1;0.79;0.03;8.56;0.55;5.96;2.11;3.99;4.64;6.95;5.17;4.58;0.99;8.48;5.82;3
101;1;4.05;9.02;3.59;0.84;6.64;7.65;7.57;3.5;9.59;1.33;1.14;5.12;1.29;1.93;2.7;2
101;2;0.25;2.38;6.52;3.45;8.4;1.2;8.53;7.08;2.32;5.21;2.0;1.44;2.44;8.27;0.63;2
101;3;7.1;9.34;2.05;2.76;8.45;0.42;1.48;4.48;8.33;4.15;7.96;5.25;0.88;3.85;9.17;2
101;4;0.4;5.85;5.23;2.97;0.55;1.1;4.03;8.86;2.22;0.69;5.41;9.7;0.22;1.77;0.18;2
101;5;7.94;0.76;0.27;8.54;7.37;5.74;7.18;3.76;7.63;8.43;1.65;3.44;3.22;1.09;3.73;2
101;6;8.23;8.24;8.44;4.85;5.82;4.78;0.8;4.75;9.64;5.12;8.12;1.97;7.44;8.21;4.96;2
101;7;7.94;9.42;4.89;3.34;8.39;4.93;7.76;5.53;7.27;2.79;0.16;5.93;6.09;0.77;7.93;2
101;8;0.87;6.84;1.08;5.9;1.75;7.11;2.86;9.64;9.31;6.76;6.51;7.8;3.52;5.79;6.48;2
101;9;3.06;2.58;5.46;4.91;7.54;5.0;3.99;4.13;8.17;5.0;0.95;9.97;4.32;1.03;3.82;2
101;10;9.92;0.32;7.4;2.93;1.97;6.57;7.37;3.91;3.62;7.7;2.73;2.45;5.62;5.65;8.22;2
102;1;4.47;9.52;4.64;6.08;4.14;1.44;9.93;9.6;2.37;1.23;6.67;4.12;8.77;7.32;3.13;3
102;2;9.68;4.49;3.18;3.75;7.93;0.77;9.04;2.99;9.32;1.74;2.27;8.41;3.46;5.72;7.46;3
102;3;2.41;9.34;5.59;5.95;9.37;8.18;1.09;3.46;7.34;0.6;4.15;5.65;8.64;1.27;4.88;3
102;4;9.19;6.77;7.29;2.79;9.15;1.49;9.56;6.8;8.13;0.0;0.43;6.6;4.04;6.48;8.69;3
102;5;3.51;6.78;4.14;9.92;1.71;8.81;5.66;7.73;2.28;1.4;1.95;4.01;4.92;4.07;2.75;3
102;6;2.01;0.42;2.62;5.3;0.19;7.98;2.41;3.8;4.46;3.25;6.07;5.97;4.43;6.08;4.7;3
102;7;3.78;4.18;2.99;7.25;4.96;9.07;9.21;6.47;4.89;1.42;1.7;4.73;0.0;6.54;3.46;3
102;8;3.97;7.97;5.85;1.72;8.63;2.7;4.74;5.0;1.92;9.65;5.11;7.28;3.88;4.77;9.44;3
102;9;4.09;1.2;2.43;6.76;0.42;7.33;5.26;6.64;5.49;0.3;7.42;3.78;6.71;2.33;3.8;3
102;10;3.58;4.42;1.28;7.3;5.77;7.95;5.68;3.11;6.53;7.74;1.43;2.0;7.64;8.72;3.61;3
103;1;8.82;3.94;4.53;2.95;0.11;2.36;9.93;3.08;2.93;0.14;2.25;3.72;7.76;4.87;8.82;1
103;2;9.57;4.15;0.63;2.97;7.67;3.16;6.15;7.25;2.66;5.55;7.33;1.09;9.09;2.11;7.84;1
103;3;4.32;8.13;7.98;8.41;5.46;2.84;9.36;2.83;8.14;4.38;5.71;6.41;8.18;5.94;9.65;1
103;4;6.18;1.08;8.95;9.96;8.73;4.91;7.62;8.7;2.48;8.45;4.31;9.74;0.43;1.12;5.53;1
103;5;5.47;1.44;0.44;4.86;1.54;8.54;0.07;8.93;5.32;4.66;7.02;0.4;0.02;4.58;0.92;1
103;6;2.29;9.03;5.27;5.58;2.67;8.27;8.49;7.78;5.49;4.52;0.46;7.79;6.32;2.21;3.2;1
103;7;8.71;4.61;4.84;5.27;8.93;2.01;8.85;5.44;2.01;3.75;1.41;8.81;3.45;5.13;7.66;1
103;8;9.15;5.13;7.2;1.67;7.54;2.89;5.41;7.3;5.34;8.84;5.31;2.17;9.34;9.03;6.52;1
103;9;6.35;8.91;2.75;3.01;6.77;9.01;8.1;9.41;0.41;9.06;4.44;3.56;7.54;4.56;9.21;1
103;10;5.93;8.13;4.25;7.81;9.99;4.55;3.12;9.44;6.98;9.22;7.42;9.66;2.34;1.8;9.02;1
104;1;4.55;4.98;3.75;4.58;0.58;7.05;4.53;5.52;4.21;2.45;1.4;4.21;5.12;3.59;8.15;2
104;2;7.65;2.06;4.33;8.84;9.47;4.52;6.32;4.41;8.91;4.48;3.77;1.23;2.78;3.23;1.27;2
104;3;1.72;2.98;1.73;8.36;9.27;7.3;9.87;0.42;6.93;8.23;6.35;6.38;4.37;0.06;7.9;2
104;4;3.66;6.27;8.3;5.29;9.26;1.99;6.49;4.59;0.71;4.77;2.54;5.83;5.41;3.22;8.89;2
104;5;7.39;5.92;6.2;2.49;3.74;9.56;3.95;5.02;0.86;2.76;1.02;1.39;4.47;6.6;6.56;2
104;6;1.71;2.75;6.73;2.77;6.23;9.23;0.19;5.36;8.26;7.97;1.95;3.96;4.85;8.68;9.91;2
104;7;4.16;1.96;1.79;0.34;8.95;2.44;5.53;2.81;8.41;2.09;2.95;9.32;5.13;6.98;3.1;2
104;8;7.75;6.25;6.4;5.36;4.65;4.98;1.73;1.84;6.98;5.84;0.04;3.01;5.1;5.03;0.6;2
104;9;0.42;0.74;6.15;5.64;9.43;1.78;2.79;9.45;4.89;6.89;1.76;2.63;7.64;8.21;7.8;2
104;10;6.83;2.87;4.02;9.01;9.41;3.21;8.89;3.09;3.23;7.36;1.5;1.72;7.65;8.28;5.96;2
105;1;3.82;8.1;8.17;8.58;3.83;4.87;0.95;6.02;0.76;4.14;0.28;2.87;5.3;2.9;1.59;2
105;2;6.11;3.77;9.08;2.26;0.78;5.29;0.96;2.88;9.79;5.77;8.81;4.01;7.16;0.48;5.68;2
105;3;3.85;5.52;9.08;6.93;4.73;3.94;3.36;9.45;4.37;8.64;2.63;8.01;6.07;7.49;7.51;2
105;4;6.42;8.25;2.78;7.68;6.89;3.6;8.68;1.86;0.19;2.11;2.43;3.49;1.64;1.3;0.55;2
105;5;1.51;4.42;2.4;1.26;3.85;4.14;3.39;2.37;8.38;9.76;2.38;5.41;8.05;2.58;4.85;2
105;6;7.3;4.31;0.97;8.2;5.67;0.19;3.69;7.58;4.61;7.37;5.23;7.06;1.99;6.3;1.18;2
105;7;3.2;1.23;6.03;6.01;0.21;6.23;0.23;7.03;7.49;7.3;2.75;8.47;7.1;6.76;3.89;2
105;8;5.25;2.93;0.07;6.76;1.92;8.56;6.59;0.25;3.96;2.86;0.29;1.82;2.81;9.53;3.2;2
105;9;0.3;3.29;3.95;1.8;2.25;5.22;3.79;6.23;8.9;7.22;6.37;5.14;4.83;0.8;3.98;2
105;10;7.49;5.85;6.59;4.1;8.29;6.05;4.39;1.33;4.67;6.77;6.68;8.41;8.3;7.0;4.51;2
106;1;1.41;9.42;5.72;5.69;6.51;9.0;8.42;9.53;6.51;8.8;2.98;7.2;9.49;3.96;7.98;3
106;2;4.96;8.01;8.14;1.37;6.4;7.35;6.12;4.45;9.78;9.24;0.7;0.99;7.58;1.4;4.39;3
106;3;2.13;6.26;7.03;1.92;2.13;7.27;8.33;7.72;6.96;5.26;9.7;6.51;4.49;7.38;0.35;3
106;4;6.41;5.83;0.69;8.18;5.64;6.6;5.58;0.32;5.02;2.55;8.25;0.91;2.83;9.01;2.96;3
106;5;7.43;5.56;4.64;6.41;0.07;2.58;3.38;2.76;2.96;1.71;9.76;8.87;8.89;0.5;5.7;3
106;6;4.63;3.07;5.68;8.3;0.89;9.0;6.46;8.0;8.19;0.66;1.36;5.6;4.8;4.0;5.13;3
106;7;6.38;8.21;8.31;7.31;4.65;0.46;9.41;2.63;9.92;1.84;2.06;4.95;4.92;8.39;7.44;3
106;8;5.77;8.17;3.9;1.56;5.84;5.41;6.36;5.77;3.63;4.16;6.93;5.34;1.36;0.55;8.43;3
106;9;3.06;2.95;2.6;9.25;6.58;4.65;3.26;1.31;0.2;2.1;1.15;7.41;2.33;0.35;9.79;3
106;10;6.78;5.83;8.77;2.13;6.93;2.54;8.25;5.52;4.21;3.48;2.79;0.56;4.75;6.3;5.52;3
107;1;3.57;4.78;0.92;5.74;1.53;8.18;4.21;9.8;1.12;7.09;2.71;2.47;3.99;5.25;9.94;2
107;2;0.95;6.49;7.64;2.1;4.0;6.47;8.51;6.64;5.27;4.64;2.47;3.0;2.86;6.56;4.47;2
107;3;5.66;6.38;8.74;1.98;9.8;3.74;3.92;4.92;4.58;9.77;4.06;3.69;4.96;6.58;3.04;2
107;4;7.19;2.25;2.72;6.06;6.33;6.25;6.72;8.51;1.7;9.53;1.66;8.15;3.11;1.99;7.48;2
107;5;2.03;3.86;2.13;5.18;5.45;8.75;2.19;0.62;3.44;7.81;5.65;9.71;7.83;3.65;4.31;2
107;6;0.36;9.07;4.04;8.99;0.4;7.27;1.38;8.22;6.55;5.0;9.34;1.8;7.6;2.84;3.17;2
107;7;8.79;0.67;7.98;7.49;4.89;2.62;6.42;1.6;4.54;5.57;0.34;4.77;9.49;0.18;2.05;2
107;8;9.31;6.44;8.35;2.86;2.42;8.5;8.64;1.92;4.59;2.44;7.55;4.64;0.12;1.74;4.86;2
107;9;6.42;2.79;6.28;5.77;5.18;5.87;3.67;6.76;1.43;8.41;7.33;2.11;1.74;9.11;2.79;2
107;10;1.08;2.08;1.54;5.83;4.89;0.09;3.79;6.18;5.09;1.32;6.62;4.16;2.2;1.56;6.08;2
108;1;0.03;6.65;3.68;1.9;5.78;7.7;0.49;4.23;3.54;2.5;2.21;4.43;9.47;8.63;1.32;2
108;2;3.81;9.7;6.08;4.09;8.36;7.93;3.32;3.38;2.64;1.74;2.32;9.48;8.58;5.49;4.62;2
108;3;0.55;5.02;1.15;8.52;7.49;4.14;6.89;4.3;1.58;2.74;1.61;1.5;8.77;3.31;6.78;2
108;4;5.24;9.74;9.59;5.31;9.75;3.18;1.37;8.09;0.35;3.39;0.91;9.61;4.71;8.8;2.85;2
108;5;4.41;4.59;8.55;7.8;0.72;1.9;8.84;6.72;8.01;2.43;4.35;0.54;1.3;7.16;1.24;2
108;6;8.6;9.6;5.84;7.02;5.48;3.68;8.69;8.14;5.82;9.6;7.32;4.22;7.12;5.75;8.53;2
108;7;5.47;1.05;0.23;9.39;9.58;0.37;9.75;1.75;5.54;6.0;1.69;5.31;8.8;2.71;1.76;2
108;8;6.04;8.38;7.14;3.49;5.41;1.38;1.59;4.16;3.88;7.68;5.36;1.3;4.74;0.85;1.61;2
108;9;8.59;2.12;7.04;4.9;4.77;8.41;4.59;5.02;5.76;3.34;6.38;1.49;3.85;3.1;7.39;2
108;10;8.77;7.92;7.78;8.63;6.06;2.07;5.29;4.98;3.06;1.33;7.73;6.14;5.92;7.19;9.72;2
109;1;5.71;7.65;5.82;1.03;8.15;8.58;4.32;0.1;8.41;4.17;8.95;7.73;4.62;5.46;5.37;1
109;2;9.79;0.63;2.1;6.1;9.16;8.05;8.54;7.49;8.21;6.03;5.24;1.2;4.67;2.78;1.8;1
109;3;8.5;0.11;5.08;3.74;7.38;6.65;9.51;2.65;2.97;4.39;5.6;6.8;4.91;1.97;1.88;1
109;4;6.99;9.4;1.36;1.49;5.89;2.0;8.47;3.0;1.77;3.47;7.23;3.43;0.76;6.33;2.31;1
109;5;1.9;9.9;0.42;5.39;0.02;6.71;4.63;8.29;9.5;0.43;4.63;3.61;4.49;3.49;7.15;1
109;6;9.93;3.76;6.86;5.4;4.31;0.82;3.27;0.25;9.98;6.61;7.72;2.31;7.05;8.11;7.07;1
109;7;6.52;3.42;9.95;4.3;1.46;7.54;0.39;4.52;3.09;0.09;5.41;9.17;2.65;5.91;6.41;1
109;8;0.66;3.83;8.62;4.71;6.02;3.69;9.0;6.48;3.83;3.25;7.1;3.82;4.04;1.79;4.16;1
109;9;1.35;4.97;0.97;4.48;2.68;9.0;4.26;2.9;6.55;6.24;5.68;6.89;1.88;2.13;5.96;1
109;10;6.3;6.07;4.3;4.43;1.76;1.13;5.56;2.59;6.51;9.73;2.89;1.66;6.63;1.8;9.48;1
110;1;3.74;9.77;7.98;2.39;1.73;5.37;0.62;0.73;2.49;5.57;2.73;4.66;6.83;7.4;9.18;3
110;2;4.26;6.45;6.63;2.16;4.75;7.62;3.15;8.38;9.47;1.72;0.77;9.55;3.24;6.96;4.93;3
110;3;8.67;2.5;4.65;5.08;9.42;8.44;6.39;2.03;0.48;1.33;5.47;7.88;7.54;2.17;4.89;3
110;4;1.17;5.78;3.23;4.05;6.81;0.99;0.42;4.04;4.13;5.39;4.19;8.15;0.05;2.87;0.97;3
110;5;2.03;3.1;7.68;8.39;7.94;5.94;4.39;2.52;4.54;9.36;2.96;4.54;1.86;0.72;8.35;3
110;6;2.79;1.74;5.34;5.66;8.15;5.04;6.51;5.13;5.84;6.17;6.5;1.59;1.83;8.1;7.1;3
110;7;1.99;7.0;0.49;4.79;1.7;5.26;2.57;7.17;3.3;9.24;4.35;5.35;6.51;2.52;0.63;3
110;8;1.6;8.62;3.24;9.17;7.66;4.11;4.01;8.36;3.69;2.69;9.11;6.58;2.1;5.9;3.38;3
110;9;2.99;2.74;4.02;7.27;4.33;0.46;7.42;6.35;3.86;3.81;7.09;6.65;3.11;4.17;6.16;3
110;10;7.21;3.51;6.91;0.28;1.74;6.93;6.06;8.34;0.57;2.86;0.52;8.78;2.77;6.93;3.78;3
111;1;2.86;0.24;9.98;8.09;4.24;0.34;3.88;7.87;7.39;3.65;6.5;8.85;0.36;7.13;9.08;2
111;2;5.17;1.55;0.34;6.75;2.24;6.59;6.73;2.94;6.96;8.51;8.59;8.81;8.11;5.96;7.68;2
111;3;8.74;5.42;2.11;4.95;3.46;1.57;3.04;5.8;4.91;5.13;4.76;6.59;3.87;3.58;6.37;2
111;4;3.29;7.4;0.78;1.75;3.07;7.59;0.13;6.26;9.75;2.53;1.66;2.41;8.75;8.71;0.38;2
111;5;1.32;0.52;6.95;1.5;1.74;8.35;8.61;9.44;9.89;1.0;8.82;3.68;4.85;5.3;6.77;2
111;6;6.93;8.71;5.63;7.99;7.24;2.8;7.42;0.05;5.58;4.58;1.89;3.68;2.44;5.26;2.27;2
111;7;9.0;8.35;3.21;4.4;9.44;9.84;4.75;4.55;1.89;9.58;7.94;2.83;8.01;6.51;3.41;2
111;8;0.23;6.61;3.48;2.08;7.42;3.45;4.13;6.14;8.68;0.16;9.3;1.82;2.31;1.91;6.29;2
111;9;6.84;1.02;4.8;5.34;8.06;4.92;1.66;0.18;9.12;6.82;9.67;3.51;2.2;9.18;8.98;2
111;10;8.61;3.7;3.83;4.69;1.21;9.74;8.82;9.32;6.54;9.69;1.28;5.8;2.75;7.6;9.3;2
112;1;5.29;8.6;7.64;7.25;0.19;9.49;4.75;4.17;4.74;8.89;0.55;3.19;5.88;8.41;8.52;2
112;2;9.04;3.83;5.94;8.87;2.78;4.74;3.53;0.65;1.62;0.89;0.51;7.41;6.75;2.79;5.09;2
112;3;0.97;3.99;7.5;6.79;8.21;5.4;3.91;2.37;6.1;7.45;1.06;0.47;1.37;2.97;2.35;2
112;4;8.84;5.77;8.72;9.99;7.27;8.34;9.38;4.27;8.16;8.03;0.47;8.33;2.87;0.09;0.74;2
112;5;9.59;7.11;6.97;6.39;5.29;4.5;8.85;1.4;7.46;5.35;2.01;9.72;4.28;7.97;2.97;2
112;6;4.4;9.73;4.58;1.93;4.19;5.35;5.1;2.24;1.58;1.37;1.81;2.31;4.74;6.0;7.69;2
112;7;2.03;2.6;5.91;3.82;8.0;5.25;2.81;8.37;0.0;4.38;5.18;2.41;2.4;6.71;6.34;2
112;8;6.25;3.36;2.86;9.5;1.76;6.34;1.15;4.3;2.34;9.42;2.26;9.61;2.63;3.93;8.23;2
112;9;3.06;2.86;9.72;0.5;2.3;2.04;9.68;7.63;3.2;5.5;2.35;1.0;9.14;7.51;0.61;2
112;10;1.29;1.55;8.21;1.32;7.06;5.11;9.27;7.29;8.25;0.04;9.1;5.03;2.45;8.91;4.8;2
113;1;1.13;6.46;5.49;5.43;7.46;4.86;7.85;0.4;1.67;6.05;1.85;9.66;7.41;2.73;3.82;3
113;2;1.92;8.4;2.14;3.18;1.32;9.55;2.24;5.1;7.57;8.6;4.63;3.81;8.76;5.54;2.6;3
113;3;1.65;8.71;7.32;8.85;8.69;8.1;7.45;3.13;1.83;8.5;4.03;8.4;0.93;1.41;0.18;3
113;4;1.49;0.3;3.13;3.62;1.22;2.28;1.81;5.06;6.87;2.92;6.98;2.32;5.43;4.3;7.23;3
113;5;6.47;1.83;1.94;8.81;8.55;3.59;2.04;4.8;4.93;0.25;8.75;5.4;2.69;5.7;0.52;3
113;6;0.05;2.28;6.53;9.33;6.46;4.76;7.46;5.25;4.43;9.13;9.46;4.2;7.85;1.13;2.91;3
113;7;1.01;7.81;1.64;5.16;2.35;2.77;1.54;2.42;1.96;1.15;4.1;2.29;3.51;6.92;8.09;3
113;8;1.8;5.85;3.62;1.94;5.65;5.65;9.25;9.66;8.08;5.44;8.79;9.74;0.3;2.52;2.32;3
113;9;1.11;6.2;8.8;9.75;5.89;4.3;1.04;0.47;8.94;8.41;7.71;1.13;9.21;5.01;4.26;3
113;10;6.7;1.33;9.66;0.75;8.58;5.15;8.89;9.68;3.68;3.89;4.14;9.49;3.51;3.84;1.08;3
114;1;9.21;8.68;4.9;0.43;8.11;7.99;1.26;3.45;9.19;9.6;8.16;8.14;8.71;9.54;7.65;2
114;2;1.88;6.9;2.25;1.95;2.01;8.15;3.14;3.71;3.16;5.76;7.25;7.84;7.8;9.75;6.15;2
114;3;6.2;4.81;8.35;8.26;5.71;1.03;8.48;6.81;8.7;4.45;2.97;2.76;1.36;3.73;9.58;2
114;4;1.21;2.6;9.39;1.85;5.05;7.9;1.85;4.13;1.49;2.51;8.81;3.33;8.55;1.49;5.87;2
114;5;2.48;1.48;9.35;6.78;4.46;8.0;0.37;3.72;5.23;0.17;6.41;7.2;5.92;5.82;8.73;2
114;6;6.25;2.53;9.34;7.7;1.21;7.23;9.8;1.54;9.78;3.26;3.41;0.17;5.1;4.14;1.37;2
114;7;2.13;2.96;4.5;6.09;1.0;3.88;5.74;6.09;2.0;7.64;0.11;8.81;3.41;8.17;0.41;2
114;8;6.27;3.21;4.59;7.11;6.67;1.24;8.63;5.78;4.19;9.88;1.98;3.63;8.23;7.85;1.49;2
114;9;7.39;2.9;8.62;2.16;5.3;8.47;0.16;4.51;0.68;2.67;1.45;5.87;6.21;1.2;1.12;2
114;10;7.1;7.22;3.96;0.4;5.23;9.15;2.34;4.3;0.94;6.46;3.18;4.79;3.97;1.11;4.14;2
115;1;8.56;7.96;7.5;9.98;1.64;4.71;3.19;9.26;6.33;8.52;6.71;7.47;5.68;5.03;0.7;2
115;2;1.96;5.78;8.09;0.01;8.88;0.03;8.22;8.08;3.77;0.77;9.37;3.08;0.9;1.44;6.04;2
115;3;1.54;4.35;5.03;6.66;2.44;4.84;6.23;0.73;8.78;3.1;5.87;2.33;9.21;9.32;4.27;2
115;4;8.25;5.49;9.54;1.51;2.37;6.02;5.38;2.08;9.82;3.06;7.2;9.22;3.06;9.58;9.81;2
115;5;1.53;4.14;8.85;6.75;4.19;2.96;9.85;2.47;1.93;5.6;5.17;0.77;0.94;5.88;9.75;2
115;6;6.06;9.68;7.9;8.38;9.53;8.06;1.47;5.51;2.73;1.23;5.1;2.42;0.9;3.54;8.27;2
115;7;0.48;2.26;5.99;4.46;5.28;0.96;7.13;6.54;6.52;2.02;3.53;3.41;3.23;2.06;8.02;2
115;8;4.88;3.69;6.07;6.37;9.0;4.85;3.9;6.14;3.46;9.39;7.44;5.79;0.12;3.11;9.54;2
115;9;1.52;2.26;8.18;6.24;7.15;2.03;4.2;1.07;9.73;2.06;3.99;1.89;3.51;2.67;2.43;2
115;10;2.5;2.68;9.19;5.85;4.33;9.57;4.35;3.26;2.37;3.22;2.34;7.02;0.07;9.16;0.48;2
116;1;4.35;8.15;7.09;6.22;9.67;0.23;2.55;1.35;5.19;4.72;1.27;2.03;2.61;9.03;2.19;1
116;2;1.17;1.01;8.91;9.45;6.42;7.1;8.15;2.17;2.71;9.57;9.48;6.58;5.89;1.69;1.49;1
116;3;8.44;8.98;9.51;5.84;9.23;4.04;2.14;3.68;9.77;9.32;8.4;5.62;9.0;7.96;1.34;1
116;4;7.7;7.46;2.51;3.6;5.72;3.15;1.78;3.35;3.28;0.34;1.38;3.89;8.56;3.84;9.51;1
116;5;6.37;7.48;9.1;5.07;1.25;2.1;1.53;0.86;0.15;5.35;7.58;9.93;4.81;5.83;6.14;1
116;6;6.62;8.6;7.0;0.35;3.23;9.13;4.71;8.58;3.29;3.66;1.22;1.84;5.14;7.06;1.86;1
116;7;0.74;6.07;2.63;5.88;5.53;8.25;5.29;5.48;7.38;8.2;4.71;5.22;7.7;2.31;6.61;1
116;8;7.55;2.36;4.97;0.71;0.28;2.54;0.77;5.72;0.24;2.42;7.18;9.75;9.84;5.92;2.74;1
116;9;9.1;5.75;7.35;8.74;6.83;2.35;7.03;9.56;9.25;5.56;5.34;1.97;8.37;1.46;8.72;1
116;10;2.7;6.11;6.72;5.1;2.36;9.0;5.03;1.97;3.86;1.27;10.0;5.38;7.0;6.81;4.53;1
117;1;3.67;2.81;1.01;6.47;8.2;6.26;5.28;0.28;7.01;0.2;4.96;1.46;5.71;3.2;8.43;3
117;2;4.22;6.59;6.71;9.26;4.04;5.66;7.24;8.98;5.22;3.59;6.21;6.95;2.05;5.87;4.77;3
117;3;8.38;4.16;6.46;8.2;7.49;8.03;6.33;5.93;6.34;1.91;3.94;9.2;1.31;0.29;1.25;3
117;4;1.16;6.78;2.77;6.88;5.62;4.56;7.26;8.9;4.71;7.68;4.17;4.55;6.04;5.1;5.42;3
117;5;9.19;6.68;7.3;9.52;1.72;8.72;3.15;1.53;9.04;5.18;2.29;5.01;2.53;3.08;2.91;3
117;6;7.24;6.44;3.13;1.05;7.19;0.11;9.14;6.88;2.71;5.04;8.5;1.0;7.33;4.98;4.43;3
117;7;3.88;1.35;6.57;8.69;4.94;8.96;7.34;1.66;9.35;4.61;2.67;7.99;4.18;7.14;3.97;3
117;8;4.41;3.82;7.08;3.28;9.67;4.45;0.95;5.74;0.04;5.23;3.76;1.84;0.82;1.53;6.88;3
117;9;1.75;8.95;1.94;4.04;6.66;2.98;7.04;2.25;1.37;2.43;3.89;6.09;9.91;2.89;9.14;3
117;10;0.22;1.92;1.01;9.36;0.91;6.39;0.08;4.05;8.45;5.47;2.55;7.64;7.75;1.46;5.62;3
118;1;1.65;0.11;9.53;3.07;6.91;1.33;6.24;7.15;2.21;8.53;4.86;5.57;5.19;2.13;6.65;2
118;2;4.86;9.06;2.89;4.3;9.62;1.27;6.11;4.61;9.14;7.61;3.29;1.28;7.99;0.92;0.37;2
118;3;2.73;4.47;8.9;7.34;5.99;8.02;4.29;1.08;4.6;5.11;4.63;1.29;6.81;7.8;2.65;2
118;4;7.64;5.42;1.95;7.13;0.12;0.27;2.85;2.73;1.15;4.09;0.64;1.23;0.46;5.6;7.89;2
118;5;0.86;2.43;1.52;2.53;8.2;1.3;9.03;9.95;5.91;7.88;5.04;1.3;1.68;2.87;7.91;2
118;6;9.95;8.4;6.87;6.84;0.91;1.11;4.6;6.15;8.11;8.81;7.5;4.31;9.16;1.81;5.65;2
118;7;4.19;1.36;3.51;5.75;0.29;3.41;5.37;3.41;5.75;0.92;2.92;6.91;2.74;2.73;4.59;2
118;8;8.01;0.46;1.49;0.9;4.49;0.9;5.44;1.16;6.85;6.47;4.15;4.23;2.78;0.74;8.2;2
118;9;5.19;9.18;9.31;5.02;1.87;6.05;2.75;3.49;6.44;2.52;1.61;5.1;5.5;4.85;2.05;2
118;10;9.57;0.92;0.71;2.55;3.68;7.95;6.65;1.26;1.7;5.64;6.24;2.37;0.85;3.6;0.38;2
119;1;6.3;0.76;5.0;9.23;6.98;8.26;6.9;6.18;0.51;4.63;2.36;4.35;9.21;3.19;0.11;1
119;2;6.59;1.92;7.43;2.08;9.83;5.63;1.31;1.5;2.6;2.15;4.54;6.15;7.53;0.32;1.48;1
119;3;1.25;7.84;8.66;3.58;7.67;5.26;7.02;6.33;2.65;2.42;0.82;9.48;6.99;8.92;2.96;1
119;4;2.44;3.12;4.88;2.71;8.12;2.34;8.05;5.01;3.16;0.73;8.88;5.38;0.75;4.34;9.46;1
119;5;9.07;7.48;4.74;6.02;8.95;1.0;1.99;8.12;4.17;6.69;9.47;1.16;0.93;7.33;6.22;1
119;6;6.92;5.06;0.84;3.19;2.23;2.78;6.18;5.69;3.31;1.3;3.96;2.47;4.47;6.33;8.46;1
119;7;6.07;4.36;1.99;9.57;1.75;0.37;4.95;4.54;0.67;8.23;4.23;1.98;8.97;9.17;4.85;1
119;8;7.23;2.68;5.58;3.02;3.66;1.9;4.25;9.1;5.48;4.54;2.8;1.17;8.48;6.43;3.88;1
119;9;7.42;9.19;9.21;8.25;8.37;3.1;0.13;9.11;2.05;9.59;9.51;7.55;1.19;7.41;0.84;1
119;10;0.14;7.93;4.2;8.93;7.32;0.05;8.15;1.93;2.19;1.39;3.14;3.07;2.09;0.95;3.03;1
120;1;1.68;1.09;2.0;1.31;5.09;6.29;7.45;9.07;0.8;6.43;5.41;1.72;7.35;8.92;9.45;3
120;2;2.68;5.37;6.32;0.85;0.12;2.66;4.67;5.61;2.12;1.58;4.14;6.57;3.3;0.56;3.81;3
120;3;8.12;6.75;2.63;3.51;1.01;0.98;2.32;4.05;9.64;5.96;2.54;3.15;7.95;7.68;4.15;3
120;4;6.61;2.32;3.44;9.26;7.73;4.46;5.27;3.73;1.47;6.06;6.61;9.44;1.46;9.14;4.25;3
120;5;7.89;8.08;3.83;3.81;2.83;7.61;6.41;1.62;6.75;6.14;7.85;8.13;5.66;0.28;6.03;3
120;6;3.61;3.63;9.28;7.7;9.88;6.07;0.15;1.16;2.94;9.44;0.07;3.85;6.22;4.32;2.06;3
120;7;5.94;4.31;0.12;5.95;8.43;4.24;2.06;9.88;9.96;0.55;0.97;9.47;9.44;1.97;7.02;3
120;8;1.42;0.42;9.59;3.8;5.87;6.39;9.87;5.21;6.01;4.05;1.65;4.59;6.79;7.62;6.75;3
120;9;5.98;3.14;3.94;0.42;1.68;9.79;0.14;1.3;7.06;3.81;2.56;0.27;9.82;8.69;2.63;3
120;10;9.01;6.22;8.23;8.91;7.52;1.09;2.1;9.23;7.3;7.95;7.13;7.21;9.46;1.73;8.52;3
